10412,630,0
11410,631,0
12408,632,0
1000,631,-10410
1090,632,-11318
2088,630,-8324
3086,631,2086
4084,632,2994
5083,630,2995
6081,631,2995
7078,632,2994
8077,630,2994
9075,631,2994
10074,632,2996
11071,630,2994
12069,631,2994
13068,632,2994
14066,630,2995
15064,631,2995
16062,632,2994
17060,630,2994
18058,631,2994
18734,578,0
18736,578,2
18738,578,2
18739,578,1
18740,578,1
18741,578,1
18743,578,2
18753,578,10
18765,578,12
18779,578,14
18791,578,12
18803,578,12
18816,578,13
18828,578,12
18841,578,13
18853,578,12
18866,578,13
18878,578,12
18890,578,12
18904,578,14
18916,578,12
18928,578,12
18940,578,12
18953,578,13
18965,578,12
18978,578,13
18991,578,13
19003,578,12
19015,578,12
19027,578,12
19041,578,14
19053,578,12
19065,578,12
19078,578,13
19090,578,12
19103,578,13
19116,578,13
19128,578,12
19140,578,12
19152,578,12
19165,578,13
19178,578,13
19190,578,12
19203,578,13
19215,578,12
19227,578,12
19240,578,13
19253,578,13
19265,578,12
19277,578,12
19290,578,13
19303,578,13
19315,578,12
19328,578,13
19340,578,12
19352,578,12
19364,578,12
19378,578,14
19390,578,12
19402,578,12
19415,578,13
19427,578,12
19440,578,13
19452,578,12
19465,578,13
19477,578,12
19489,578,12
19503,578,14
19515,578,12
19527,578,12
19539,578,12
19552,578,13
19564,578,12
19577,578,13
19590,578,13
19602,578,12
19614,578,12
19627,578,13
19640,578,13
19652,578,12
19664,578,12
19677,578,13
19689,578,12
19702,578,13
19715,578,13
19727,578,12
19739,578,12
19751,578,12
19764,578,13
19777,578,13
19789,578,12
19802,578,13
19814,578,12
19826,578,12
19840,578,14
19852,578,12
19864,578,12
19876,578,12
19889,578,13
19902,578,13
19914,578,12
19927,578,13
19939,578,12
19951,578,12
19963,578,12
19977,578,14
19989,578,12
20001,578,12
20014,578,13
20026,578,12
20039,578,13
20051,578,12
20064,578,13
20076,578,12
20088,578,12
20102,578,14
20114,578,12
20126,578,12
20139,578,13
20151,578,12
20163,578,12
20176,578,13
20189,578,13
20201,578,12
20213,578,12
20226,578,13
20239,578,13
20251,578,12
20263,578,12
20276,578,13
20288,578,12
20301,578,13
20314,578,13
20326,578,12
20338,578,12
20350,578,12
20363,578,13
20376,578,13
20388,578,12
20401,578,13
20413,578,12
20425,578,12
20439,578,14
20451,578,12
20463,578,12
20475,578,12
20488,578,13
20501,578,13
20513,578,12
20526,578,13
20538,578,12
20550,578,12
20562,578,12
20576,578,14
20588,578,12
20600,578,12
20613,578,13
20625,578,12
20638,578,13
20651,578,13
20663,578,12
20675,578,12
20687,578,12
20701,578,14
20713,578,12
20725,578,12
20738,578,13
20750,578,12
20762,578,12
20775,578,13
20788,578,13
20800,578,12
20812,578,12
20825,578,13
20838,578,13
20850,578,12
20862,578,12
20875,578,13
20887,578,12
20900,578,13
20913,578,13
20925,578,12
20937,578,12
20950,578,13
20962,578,12
20975,578,13
20987,578,12
21000,578,13
21012,578,12
21024,578,12
21038,578,14
21050,578,12
21062,578,12
21074,578,12
21087,578,13
21100,578,13
21112,578,12
21125,578,13
21137,578,12
21149,578,12
21161,578,12
21175,578,14
21187,578,12
21199,578,12
21212,578,13
21224,578,12
21237,578,13
21250,578,13
21262,578,12
21274,578,12
21286,578,12
21300,578,14
21312,578,12
21324,578,12
21337,578,13
21349,578,12
21361,578,12
21374,578,13
21387,578,13
21399,578,12
21411,578,12
21424,578,13
21437,578,13
21449,578,12
21462,578,13
21474,578,12
21486,578,12
21499,578,13
21512,578,13
21524,578,12
21536,578,12
21549,578,13
21561,578,12
21574,578,13
21586,578,12
21599,578,13
21611,578,12
21623,578,12
21637,578,14
21649,578,12
21661,578,12
21673,578,12
21686,578,13
21699,578,13
21711,578,12
21724,578,13
21736,578,12
21748,578,12
21761,578,13
21774,578,13
21786,578,12
21798,578,12
21811,578,13
21823,578,12
21836,578,13
21849,578,13
21861,578,12
21873,578,12
21885,578,12
21899,578,14
21911,578,12
21923,578,12
21936,578,13
21948,578,12
21960,578,12
21974,578,14
21986,578,12
21998,578,12
22010,578,12
22023,578,13
22036,578,13
22048,578,12
22061,578,13
22073,578,12
22085,578,12
22098,578,13
22111,578,13
22123,578,12
22135,578,12
22148,578,13
22160,578,12
22173,578,13
22185,578,12
22198,578,13
22210,578,12
22222,578,12
22236,578,14
22248,578,12
22260,578,12
22273,578,13
22285,578,12
22298,578,13
22310,578,12
22323,578,13
22335,578,12
22347,578,12
22360,578,13
22373,578,13
22385,578,12
22397,578,12
22410,578,13
22422,578,12
22435,578,13
22448,578,13
22460,578,12
22472,578,12
22484,578,12
22498,578,14
22510,578,12
22522,578,12
22535,578,13
22547,578,12
22559,578,12
22573,578,14
22585,578,12
22597,578,12
22609,578,12
22622,578,13
22635,578,13
22647,578,12
22660,578,13
22672,578,12
22684,578,12
22697,578,13
22710,578,13
22722,578,12
22734,578,12
22747,578,13
22759,578,12
22772,578,13
22785,578,13
22797,578,12
22809,578,12
22821,578,12
22835,578,14
22847,578,12
22859,578,12
22872,578,13
22884,578,12
22897,578,13
22909,578,12
22922,578,13
22934,578,12
22946,578,12
22959,578,13
22972,578,13
22984,578,12
22996,578,12
23009,578,13
23021,578,12
23034,578,13
23047,578,13
23059,578,12
23071,578,12
23084,578,13
23097,578,13
23109,578,12
23121,578,12
23134,578,13
23146,578,12
23158,578,12
23172,578,14
23184,578,12
23196,578,12
23208,578,12
23221,578,13
23234,578,13
23246,578,12
23259,578,13
23271,578,12
23283,578,12
23297,578,14
23309,578,12
23321,578,12
23333,578,12
23346,578,13
23358,578,12
23371,578,13
23384,578,13
23396,578,12
23408,578,12
23420,578,12
23434,578,14
23446,578,12
23458,578,12
23471,578,13
23483,578,12
23496,578,13
23508,578,12
23521,578,13
23533,578,12
23545,578,12
23558,578,13
23571,578,13
23583,578,12
23596,578,13
23608,578,12
23620,578,12
23633,578,13
23646,578,13
23658,578,12
23670,578,12
23683,578,13
23696,578,13
23708,578,12
23720,578,12
23733,578,13
23745,578,12
23757,578,12
23771,578,14
23783,578,12
23795,578,12
23808,578,13
23820,578,12
23833,578,13
23845,578,12
23858,578,13
23870,578,12
23882,578,12
23896,578,14
23908,578,12
23920,578,12
23932,578,12
23945,578,13
23957,578,12
23970,578,13
23983,578,13
23995,578,12
24007,578,12
24019,578,12
24033,578,14
24045,578,12
24057,578,12
24070,578,13
24082,578,12
24095,578,13
24108,578,13
24120,578,12
24132,578,12
24144,578,12
24157,578,13
24170,578,13
24182,578,12
24195,578,13
24207,578,12
24219,578,12
24232,578,13
24245,578,13
24257,578,12
24269,578,12
24282,578,13
24295,578,13
24307,578,12
24320,578,13
24332,578,12
24344,578,12
24356,578,12
24370,578,14
24382,578,12
24394,578,12
24407,578,13
24419,578,12
24432,578,13
24444,578,12
24457,578,13
24469,578,12
24481,578,12
24495,578,14
24507,578,12
24519,578,12
24531,578,12
24544,578,13
24556,578,12
24569,578,13
24582,578,13
24594,578,12
24606,578,12
24619,578,13
24632,578,13
24644,578,12
24656,578,12
24669,578,13
24681,578,12
24694,578,13
24707,578,13
24719,578,12
24731,578,12
24743,578,12
24756,578,13
24769,578,13
24781,578,12
24794,578,13
24806,578,12
24818,578,12
24832,578,14
24844,578,12
24856,578,12
24868,578,12
24881,578,13
24894,578,13
24906,578,12
24919,578,13
24931,578,12
24943,578,12
24955,578,12
24969,578,14
24981,578,12
24993,578,12
25006,578,13
25018,578,12
25031,578,13
25043,578,12
25056,578,13
25068,578,12
25080,578,12
25094,578,14
25106,578,12
25118,578,12
25131,578,13
25143,578,12
25155,578,12
25168,578,13
25181,578,13
25193,578,12
25205,578,12
25218,578,13
25231,578,13
25243,578,12
25255,578,12
25268,578,13
25280,578,12
25293,578,13
25306,578,13
25318,578,12
25330,578,12
25342,578,12
25355,578,13
25368,578,13
25380,578,12
25393,578,13
25405,578,12
25417,578,12
25431,578,14
25443,578,12
25455,578,12
25467,578,12
25480,578,13
25493,578,13
25505,578,12
25518,578,13
25530,578,12
25542,578,12
25554,578,12
25568,578,14
25580,578,12
25592,578,12
25605,578,13
25617,578,12
25630,578,13
25643,578,13
25655,578,12
25668,578,13
25679,578,11
25693,578,14
25705,578,12
25717,578,12
25730,578,13
25742,578,12
25754,578,12
25767,578,13
25780,578,13
25792,578,12
25804,578,12
25817,578,13
25830,578,13
25842,578,12
25854,578,12
25867,578,13
25879,578,12
25892,578,13
25905,578,13
25917,578,12
25929,578,12
25942,578,13
25954,578,12
25967,578,13
25979,578,12
25992,578,13
26004,578,12
26016,578,12
26030,578,14
26042,578,12
26054,578,12
26066,578,12
26079,578,13
26092,578,13
26104,578,12
26117,578,13
26129,578,12
26141,578,12
26153,578,12
26167,578,14
26179,578,12
26191,578,12
26204,578,13
26216,578,12
26229,578,13
26242,578,13
26254,578,12
26266,578,12
26278,578,12
26292,578,14
26304,578,12
26316,578,12
26329,578,13
26341,578,12
26353,578,12
26366,578,13
26379,578,13
26391,578,12
26403,578,12
26416,578,13
26429,578,13
26441,578,12
26454,578,13
26466,578,12
26478,578,12
26491,578,13
26504,578,13
26516,578,12
26528,578,12
26541,578,13
26553,578,12
26566,578,13
26578,578,12
26591,578,13
26603,578,12
26615,578,12
26629,578,14
26641,578,12
26653,578,12
26665,578,12
26678,578,13
26691,578,13
26703,578,12
26716,578,13
26728,578,12
26740,578,12
26753,578,13
26766,578,13
26778,578,12
26790,578,12
26803,578,13
26815,578,12
26828,578,13
26841,578,13
26853,578,12
26865,578,12
26877,578,12
26891,578,14
26903,578,12
26915,578,12
26928,578,13
26940,578,12
26952,578,12
26966,578,14
26978,578,12
26990,578,12
27002,578,12
27015,578,13
27028,578,13
27040,578,12
27053,631,8995
27065,578,25
27077,578,12
27090,578,13
27103,578,13
27115,578,12
27127,578,12
27140,578,13
27152,578,12
27165,578,13
27177,578,12
27190,578,13
27202,578,12
27214,578,12
27228,578,14
27240,578,12
27252,578,12
27265,578,13
27277,578,12
27290,578,13
27302,578,12
27315,578,13
27327,578,12
27339,578,12
27352,578,13
27365,578,13
27377,578,12
27389,578,12
27402,578,13
27414,578,12
27427,578,13
27440,578,13
27452,578,12
27464,578,12
27476,578,12
27490,578,14
27502,578,12
27514,578,12
27527,578,13
27539,578,12
27551,578,12
27565,578,14
27577,578,12
27589,578,12
27601,578,12
27614,578,13
27627,578,13
27639,578,12
27652,578,13
27664,578,12
27676,578,12
27689,578,13
27702,578,13
27714,578,12
27726,578,12
27739,578,13
27751,578,12
27764,578,13
27777,578,13
27789,578,12
27801,578,12
27813,578,12
27827,578,14
27839,578,12
27851,578,12
27864,578,13
27876,578,12
27889,578,13
27901,578,12
27914,578,13
27926,578,12
27938,578,12
27951,578,13
27964,578,13
27976,578,12
27988,578,12
28001,578,13
28013,578,12
28026,578,13
28039,578,13
28051,578,12
28063,578,12
28076,578,13
28089,578,13
28101,578,12
28113,578,12
28126,578,13
28138,578,12
28150,578,12
28164,578,14
28176,578,12
28188,578,12
28200,578,12
28213,578,13
28226,578,13
28238,578,12
28251,578,13
28263,578,12
28275,578,12
28289,578,14
28301,578,12
28313,578,12
28325,578,12
28338,578,13
28350,578,12
28363,578,13
28376,578,13
28388,578,12
28400,578,12
28412,578,12
28426,578,14
28438,578,12
28450,578,12
28463,578,13
28475,578,12
28488,578,13
28500,578,12
28513,578,13
28525,578,12
28537,578,12
28550,578,13
28563,578,13
28575,578,12
28588,578,13
28600,578,12
28612,578,12
28625,578,13
28638,578,13
28650,578,12
28662,578,12
28675,578,13
28688,578,13
28700,578,12
28712,578,12
28725,578,13
28737,578,12
28749,578,12
28763,578,14
28775,578,12
28787,578,12
28800,578,13
28812,578,12
28825,578,13
28837,578,12
28850,578,13
28862,578,12
28874,578,12
28888,578,14
28900,578,12
28912,578,12
28924,578,12
28937,578,13
28949,578,12
28962,578,13
28975,578,13
28987,578,12
28999,578,12
29011,578,12
29025,578,14
29037,578,12
29049,630,11989
29062,578,25
29074,578,12
29087,578,13
29100,578,13
29112,578,12
29124,578,12
29136,578,12
29149,578,13
29162,578,13
29174,578,12
29187,578,13
29199,578,12
29211,578,12
29224,578,13
29237,578,13
29249,578,12
29261,578,12
29274,578,13
29287,578,13
29299,578,12
29312,578,13
29324,578,12
29336,578,12
29348,578,12
29362,578,14
29374,578,12
29386,578,12
29399,578,13
29411,578,12
29424,578,13
29436,578,12
29449,578,13
29461,578,12
29473,578,12
29487,578,14
29499,578,12
29511,578,12
29523,578,12
29536,578,13
29548,578,12
29561,578,13
29574,578,13
29586,578,12
29598,578,12
29611,578,13
29624,578,13
29636,578,12
29648,578,12
29661,578,13
29673,578,12
29686,578,13
29699,578,13
29711,578,12
29723,578,12
29735,578,12
29748,578,13
29761,578,13
29773,578,12
29786,578,13
29798,578,12
29810,578,12
29824,578,14
29836,578,12
29848,578,12
29860,578,12
29873,578,13
29886,578,13
29898,578,12
29911,578,13
29923,578,12
29935,578,12
29947,578,12
29961,578,14
29973,578,12
29985,578,12
29998,578,13
30010,578,12
30023,578,13
30035,578,12
30048,631,2995
30060,578,25
30072,578,12
30086,578,14
30098,578,12
30110,578,12
30123,578,13
30135,578,12
30147,578,12
30160,578,13
30173,578,13
30185,578,12
30197,578,12
30210,578,13
30223,578,13
30235,578,12
30247,578,12
30260,578,13
30272,578,12
30285,578,13
30298,578,13
30310,578,12
30322,578,12
30334,578,12
30347,578,13
30360,578,13
30372,578,12
30385,578,13
30397,578,12
30409,578,12
30423,578,14
30435,578,12
30447,578,12
30459,578,12
30472,578,13
30485,578,13
30497,578,12
30510,578,13
30522,578,12
30534,578,12
30546,578,12
30560,578,14
30572,578,12
30584,578,12
30597,578,13
30609,578,12
30622,578,13
30635,578,13
30647,578,12
30659,578,12
30671,578,12
30685,578,14
30697,578,12
30709,578,12
30722,578,13
30734,578,12
30746,578,12
30759,578,13
30772,578,13
30784,578,12
30796,578,12
30809,578,13
30822,578,13
30834,578,12
30846,578,12
30859,578,13
30871,578,12
30884,578,13
30897,578,13
30909,578,12
30921,578,12
30934,578,13
30946,578,12
30959,578,13
30971,578,12
30984,578,13
30996,578,12
31008,578,12
31022,578,14
31034,578,12
31046,632,14984
31058,578,24
31071,578,13
31084,578,13
31096,578,12
31109,578,13
31121,578,12
31133,578,12
31145,578,12
31159,578,14
31171,578,12
31183,578,12
31196,578,13
31208,578,12
31221,578,13
31234,578,13
31246,578,12
31258,578,12
31270,578,12
31284,578,14
31296,578,12
31308,578,12
31321,578,13
31333,578,12
31345,578,12
31358,578,13
31371,578,13
31383,578,12
31395,578,12
31408,578,13
31421,578,13
31433,578,12
31446,578,13
31458,578,12
31470,578,12
31483,578,13
31496,578,13
31508,578,12
31520,578,12
31533,578,13
31545,578,12
31558,578,13
31570,578,12
31583,578,13
31595,578,12
31607,578,12
31621,578,14
31633,578,12
31645,578,12
31657,578,12
31670,578,13
31683,578,13
31695,578,12
31708,578,13
31720,578,12
31732,578,12
31745,578,13
31758,578,13
31770,578,12
31782,578,12
31795,578,13
31807,578,12
31820,578,13
31833,578,13
31845,578,12
31857,578,12
31869,578,12
31883,578,14
31895,578,12
31907,578,12
31920,578,13
31932,578,12
31944,578,12
31958,578,14
31970,578,12
31982,578,12
31994,578,12
32007,578,13
32020,578,13
32032,578,12
32045,630,2996
32057,578,25
32069,578,12
32082,578,13
32095,578,13
32107,578,12
32119,578,12
32132,578,13
32144,578,12
32157,578,13
32169,578,12
32182,578,13
32194,578,12
32206,578,12
32220,578,14
32232,578,12
32244,578,12
32257,578,13
32269,578,12
32282,578,13
32294,578,12
32307,578,13
32319,578,12
32331,578,12
32344,578,13
32357,578,13
32369,578,12
32381,578,12
32394,578,13
32406,578,12
32419,578,13
32432,578,13
32444,578,12
32456,578,12
32468,578,12
32482,578,14
32494,578,12
32506,578,12
32519,578,13
32531,578,12
32543,578,12
32557,578,14
32569,578,12
32581,578,12
32593,578,12
32606,578,13
32619,578,13
32631,578,12
32644,578,13
32656,578,12
32668,578,12
32681,578,13
32694,578,13
32706,578,12
32718,578,12
32731,578,13
32743,578,12
32756,578,13
32769,578,13
32781,578,12
32793,578,12
32805,578,12
32819,578,14
32831,578,12
32843,578,12
32856,578,13
32868,578,12
32881,578,13
32893,578,12
32906,578,13
32918,578,12
32930,578,12
32943,578,13
32956,578,13
32968,578,12
32980,578,12
32993,578,13
33005,578,12
33018,578,13
33031,578,13
33043,578,12
33055,578,12
33068,578,13
33081,578,13
33093,578,12
33105,578,12
33118,578,13
33130,578,12
33142,578,12
33156,578,14
33168,578,12
33180,578,12
33192,578,12
33205,578,13
33218,578,13
33230,578,12
33243,578,13
33255,578,12
33267,578,12
33281,578,14
33293,578,12
33305,578,12
33317,578,12
33330,578,13
33342,578,12
33355,578,13
33368,578,13
33380,578,12
33392,578,12
33404,578,12
33418,578,14
33430,578,12
33442,578,12
33455,578,13
33467,578,12
33480,578,13
33492,578,12
33505,578,13
33517,578,12
33529,578,12
33542,578,13
33555,578,13
33567,578,12
33580,578,13
33592,578,12
33604,578,12
33617,578,13
33630,578,13
33642,578,12
33654,578,12
33667,578,13
33680,578,13
33692,578,12
33704,578,12
33717,578,13
33729,578,12
33741,578,12
33755,578,14
33767,578,12
33779,578,12
33792,578,13
33804,578,12
33817,578,13
33829,578,12
33842,578,13
33854,578,12
33866,578,12
33880,578,14
33892,578,12
33904,578,12
33916,578,12
33929,578,13
33941,578,12
33954,578,13
33967,578,13
33979,578,12
33991,578,12
34003,578,12
34017,578,14
34029,578,12
34041,578,12
34054,578,13
34066,578,12
34079,578,13
34092,578,13
34104,578,12
34116,578,12
34128,578,12
34141,578,13
34154,578,13
34166,578,12
34179,578,13
34191,578,12
34203,578,12
34216,578,13
34229,578,13
34241,578,12
34253,578,12
34266,578,13
34279,578,13
34291,578,12
34304,578,13
34316,578,12
34328,578,12
34340,578,12
34354,578,14
34366,578,12
34378,578,12
34391,578,13
34403,578,12
34416,578,13
34428,578,12
34441,578,13
34453,578,12
34465,578,12
34479,578,14
34491,578,12
34503,578,12
34515,578,12
34528,578,13
34540,578,12
34553,578,13
34566,578,13
34578,578,12
34590,578,12
34603,578,13
34616,578,13
34628,578,12
34640,578,12
34653,578,13
34665,578,12
34678,578,13
34691,578,13
34703,578,12
34715,578,12
34727,578,12
34740,578,13
34753,578,13
34765,578,12
34778,578,13
34790,578,12
34802,578,12
34816,578,14
34828,578,12
34840,578,12
34852,578,12
34865,578,13
34878,578,13
34890,578,12
34903,578,13
34915,578,12
34927,578,12
34939,578,12
34953,578,14
34965,578,12
34977,578,12
34990,578,13
35002,578,12
35015,578,13
35027,578,12
35040,578,13
35052,578,12
35064,578,12
35078,578,14
35090,578,12
35102,578,12
35115,578,13
35127,578,12
35139,578,12
35152,578,13
35165,578,13
35177,578,12
35189,578,12
35202,578,13
35215,578,13
35227,578,12
35239,578,12
35252,578,13
35264,578,12
35277,578,13
35290,578,13
35302,578,12
35314,578,12
35326,578,12
35339,578,13
35352,578,13
35364,578,12
35377,578,13
35389,578,12
35401,578,12
35415,578,14
35427,578,12
35439,578,12
35451,578,12
35464,578,13
35477,578,13
35489,578,12
35502,578,13
35514,578,12
35526,578,12
35538,578,12
35552,578,14
35564,578,12
35576,578,12
35589,578,13
35601,578,12
35614,578,13
35627,578,13
35639,578,12
35651,578,12
35663,578,12
35677,578,14
35689,578,12
35701,578,12
35714,578,13
35726,578,12
35738,578,12
35751,578,13
35764,578,13
35776,578,12
35788,578,12
35801,578,13
35814,578,13
35826,578,12
35838,578,12
35851,578,13
35863,578,12
35876,578,13
35889,578,13
35901,578,12
35913,578,12
35926,578,13
35938,578,12
35951,578,13
35963,578,12
35976,578,13
35988,578,12
36000,578,12
36014,578,14
36026,578,12
36038,578,12
36050,578,12
36063,578,13
36076,578,13
36088,578,12
36101,578,13
36113,578,12
36125,578,12
36137,578,12
36151,578,14
36163,578,12
36175,578,12
36188,578,13
36200,578,12
36213,578,13
36226,578,13
36238,578,12
36250,578,12
36262,578,12
36276,578,14
36288,578,12
36300,578,12
36313,578,13
36325,578,12
36337,578,12
36350,578,13
36363,578,13
36375,578,12
36387,578,12
36400,578,13
36413,578,13
36425,578,12
36438,578,13
36450,578,12
36462,578,12
36475,578,13
36488,578,13
36500,578,12
36512,578,12
36525,578,13
36537,578,12
36550,578,13
36562,578,12
36575,578,13
36587,578,12
36599,578,12
36613,578,14
36625,578,12
36637,578,12
36649,578,12
36662,578,13
36675,578,13
36687,578,12
36700,578,13
36712,578,12
36724,578,12
36737,578,13
36750,578,13
36762,578,12
36774,578,12
36787,578,13
36799,578,12
36812,578,13
36825,578,13
36837,578,12
36849,578,12
36861,578,12
36875,578,14
36887,578,12
36899,578,12
36912,578,13
36924,578,12
36936,578,12
36950,578,14
36962,578,12
36974,578,12
36986,578,12
36999,578,13
37012,578,13
37024,578,12
37037,578,13
37049,578,12
37061,578,12
37074,578,13
37087,578,13
37099,578,12
37111,578,12
37124,578,13
37136,578,12
37149,578,13
37161,578,12
37174,578,13
37186,578,12
37198,578,12
37212,578,14
37224,578,12
37236,578,12
37249,578,13
37261,578,12
37274,578,13
37286,578,12
37299,578,13
37311,578,12
37323,578,12
37336,578,13
37349,578,13
37361,578,12
37373,578,12
37386,578,13
37398,578,12
37411,578,13
37424,578,13
37436,578,12
37448,578,12
37460,578,12
37474,578,14
37486,578,12
37498,578,12
37511,578,13
37523,578,12
37535,578,12
37549,578,14
37561,578,12
37573,578,12
37585,578,12
37598,578,13
37611,578,13
37623,578,12
37636,578,13
37648,578,12
37660,578,12
37673,578,13
37686,578,13
37698,578,12
37710,578,12
37723,578,13
37735,578,12
37748,578,13
37761,578,13
37773,578,12
37785,578,12
37797,578,12
37811,578,14
37823,578,12
37835,578,12
37848,578,13
37860,578,12
37873,578,13
37885,578,12
37898,578,13
37910,578,12
37922,578,12
37935,578,13
37948,578,13
37960,578,12
37972,578,12
37985,578,13
37997,578,12
38010,578,13
38023,578,13
38035,578,12
38047,578,12
38060,578,13
38073,578,13
38085,578,12
38097,578,12
38110,578,13
38122,578,12
38134,578,12
38148,578,14
38160,578,12
38172,578,12
38184,578,12
38197,578,13
38210,578,13
38222,578,12
38235,578,13
38247,578,12
38259,578,12
38273,578,14
38285,578,12
38297,578,12
38309,578,12
38322,578,13
38334,578,12
38347,578,13
38360,578,13
38372,578,12
38384,578,12
38396,578,12
38410,578,14
38422,578,12
38434,578,12
38447,578,13
38459,578,12
38472,578,13
38484,578,12
38497,578,13
38509,578,12
38521,578,12
38534,578,13
38547,578,13
38559,578,12
38572,578,13
38584,578,12
38596,578,12
38609,578,13
38622,578,13
38634,578,12
38646,578,12
38659,578,13
38672,578,13
38684,578,12
38696,578,12
38709,578,13
38721,578,12
38733,578,12
38747,578,14
38759,578,12
38771,578,12
38784,578,13
38796,578,12
38809,578,13
38821,578,12
38834,578,13
38846,578,12
38858,578,12
38872,578,14
38884,578,12
38896,578,12
38908,578,12
38921,578,13
38933,578,12
38946,578,13
38959,578,13
38971,578,12
38983,578,12
38995,578,12
39009,578,14
39021,578,12
39033,578,12
39046,578,13
39058,578,12
39071,578,13
39084,578,13
39096,578,12
39108,578,12
39120,578,12
39133,578,13
39146,578,13
39158,578,12
39171,578,13
39183,578,12
39195,578,12
39208,578,13
39221,578,13
39233,578,12
39245,578,12
39258,578,13
39271,578,13
39283,578,12
39296,578,13
39308,578,12
39320,578,12
39332,578,12
39346,578,14
39358,578,12
39370,578,12
39383,578,13
39395,578,12
39408,578,13
39420,578,12
39433,578,13
39445,578,12
39457,578,12
39471,578,14
39483,578,12
39495,578,12
39507,578,12
39520,578,13
39532,578,12
39545,578,13
39558,578,13
39570,578,12
39582,578,12
39595,578,13
39608,578,13
39620,578,12
39632,578,12
39645,578,13
39657,578,12
39670,578,13
39683,578,13
39695,578,12
39707,578,12
39719,578,12
39732,578,13
39745,578,13
39757,578,12
39770,578,13
39782,578,12
39794,578,12
39808,578,14
39820,578,12
39832,578,12
39844,578,12
39857,578,13
39870,578,13
39882,578,12
39895,578,13
39907,578,12
39919,578,12
39931,578,12
39945,578,14
39957,578,12
39969,578,12
39982,578,13
39994,578,12
40007,578,13
40019,578,12
40032,578,13
40044,578,12
40056,578,12
40070,578,14
40082,578,12
40094,578,12
40107,578,13
40119,578,12
40131,578,12
40144,578,13
40157,578,13
40169,578,12
40181,578,12
40194,578,13
40207,578,13
40219,578,12
40231,578,12
40244,578,13
40256,578,12
40269,578,13
40282,578,13
40294,578,12
40306,578,12
40318,578,12
40331,578,13
40344,578,13
40356,578,12
40369,578,13
40381,578,12
40393,578,12
40407,578,14
40419,578,12
40431,578,12
40443,578,12
40456,578,13
40469,578,13
40481,578,12
40494,578,13
40506,578,12
40518,578,12
40530,578,12
40544,578,14
40556,578,12
40568,578,12
40581,578,13
40593,578,12
40606,578,13
40619,578,13
40631,578,12
40643,578,12
40655,578,12
40669,578,14
40681,578,12
40693,578,12
40706,578,13
40718,578,12
40730,578,12
40743,578,13
40756,578,13
40768,578,12
40780,578,12
40793,578,13
40806,578,13
40818,578,12
40830,578,12
40843,578,13
40855,578,12
40868,578,13
40881,578,13
40893,578,12
40905,578,12
40918,578,13
40930,578,12
40943,578,13
40955,578,12
40968,578,13
40980,578,12
40992,578,12
41006,578,14
41018,578,12
41030,578,12
41042,578,12
41055,578,13
41068,578,13
41080,578,12
41093,578,13
41105,578,12
41117,578,12
41129,578,12
41143,578,14
41155,578,12
41167,578,12
41180,578,13
41192,578,12
41205,578,13
41218,578,13
41230,578,12
41242,578,12
41254,578,12
41268,578,14
41280,578,12
41292,578,12
41305,578,13
41317,578,12
41329,578,12
41342,578,13
41355,578,13
41367,578,12
41379,578,12
41392,578,13
41405,578,13
41417,578,12
41430,578,13
41442,578,12
41454,578,12
41467,578,13
41480,578,13
41492,578,12
41504,578,12
41517,578,13
41529,578,12
41542,578,13
41554,578,12
41567,578,13
41579,578,12
41591,578,12
41605,578,14
41617,578,12
41629,578,12
41641,578,12
41654,578,13
41667,578,13
41679,578,12
41692,578,13
41704,578,12
41716,578,12
41729,578,13
41742,578,13
41754,578,12
41766,578,12
41779,578,13
41791,578,12
41804,578,13
41817,578,13
41829,578,12
41841,578,12
41853,578,12
41867,578,14
41879,578,12
41891,578,12
41904,578,13
41916,578,12
41928,578,12
41942,578,14
41954,578,12
41966,578,12
41978,578,12
41991,578,13
42004,578,13
42016,578,12
42029,578,13
42041,578,12
42053,578,12
42066,578,13
42079,578,13
42091,578,12
42103,578,12
42116,578,13
42128,578,12
42141,578,13
42153,578,12
42166,578,13
42178,578,12
42190,578,12
42204,578,14
42216,578,12
42228,578,12
42241,578,13
42253,578,12
42266,578,13
42278,578,12
42291,578,13
42303,578,12
42315,578,12
42328,578,13
42341,578,13
42353,578,12
42365,578,12
42378,578,13
42390,578,12
42403,578,13
42416,578,13
42428,578,12
42440,578,12
42452,578,12
42466,578,14
42478,578,12
42490,578,12
42503,578,13
42515,578,12
42527,578,12
42541,578,14
42553,578,12
42565,578,12
42577,578,12
42590,578,13
42603,578,13
42615,578,12
42628,578,13
42640,578,12
42652,578,12
42665,578,13
42678,578,13
42690,578,12
42702,578,12
42715,578,13
42727,578,12
42740,578,13
42753,578,13
42765,578,12
42777,578,12
42789,578,12
42803,578,14
42815,578,12
42827,578,12
42840,578,13
42852,578,12
42865,578,13
42877,578,12
42890,578,13
42902,578,12
42914,578,12
42927,578,13
42940,578,13
42952,578,12
42964,578,12
42977,578,13
42989,578,12
43002,578,13
43015,578,13
43027,578,12
43039,578,12
43052,578,13
43065,578,13
43077,578,12
43089,578,12
43102,578,13
43114,578,12
43126,578,12
43140,578,14
43152,578,12
43164,578,12
43176,578,12
43189,578,13
43202,578,13
43214,578,12
43227,578,13
43239,578,12
43251,578,12
43265,578,14
43277,578,12
43289,578,12
43301,578,12
43314,578,13
43326,578,12
43339,578,13
43352,578,13
43364,578,12
43376,578,12
43388,578,12
43402,578,14
43414,578,12
43426,578,12
43439,578,13
43451,578,12
43464,578,13
43476,578,12
43489,578,13
43501,578,12
43513,578,12
43526,578,13
43539,578,13
43551,578,12
43564,578,13
43576,578,12
43588,578,12
43601,578,13
43614,578,13
43626,578,12
43638,578,12
43651,578,13
43664,578,13
43676,578,12
43688,578,12
43701,578,13
43713,578,12
43725,578,12
43739,578,14
43751,578,12
43763,578,12
43776,578,13
43788,578,12
43801,578,13
43813,578,12
43826,578,13
43838,578,12
43850,578,12
43864,578,14
43876,578,12
43888,578,12
43900,578,12
43913,578,13
43925,578,12
43938,578,13
43951,578,13
43963,578,12
43975,578,12
43987,578,12
44001,578,14
44013,578,12
44025,578,12
44038,578,13
44050,578,12
44063,578,13
44076,578,13
44088,578,12
44100,578,12
44112,578,12
44125,578,13
44138,578,13
44150,578,12
44163,578,13
44175,578,12
44187,578,12
44200,578,13
44213,578,13
44225,578,12
44237,578,12
44250,578,13
44263,578,13
44275,578,12
44288,578,13
44300,578,12
44312,578,12
44324,578,12
44338,578,14
44350,578,12
44362,578,12
44375,578,13
44387,578,12
44400,578,13
44412,578,12
44425,578,13
44437,578,12
44449,578,12
44463,578,14
44475,578,12
44487,578,12
44499,578,12
44512,578,13
44524,578,12
44537,578,13
44550,578,13
44562,578,12
44574,578,12
44587,578,13
44600,578,13
44612,578,12
44624,578,12
44637,578,13
44649,578,12
44662,578,13
44675,578,13
44687,578,12
44699,578,12
44711,578,12
44724,578,13
44737,578,13
44749,578,12
44762,578,13
44774,578,12
44786,578,12
44800,578,14
44812,578,12
44824,578,12
44836,578,12
44849,578,13
44862,578,13
44874,578,12
44887,578,13
44899,578,12
44911,578,12
44923,578,12
44937,578,14
44949,578,12
44961,578,12
44974,578,13
44986,578,12
44999,578,13
45011,578,12
45024,578,13
45036,578,12
45048,578,12
45062,578,14
45074,578,12
45086,578,12
45099,578,13
45111,578,12
45123,578,12
45136,578,13
45149,578,13
45161,578,12
45173,578,12
45186,578,13
45199,578,13
45211,578,12
45223,578,12
45236,578,13
45248,578,12
45261,578,13
45274,578,13
45286,578,12
45298,578,12
45310,578,12
45323,578,13
45336,578,13
45348,578,12
45361,578,13
45373,578,12
45385,578,12
45399,578,14
45411,578,12
45423,578,12
45435,578,12
45448,578,13
45461,578,13
45473,578,12
45486,578,13
45498,578,12
45510,578,12
45522,578,12
45536,578,14
45548,578,12
45560,578,12
45573,578,13
45585,578,12
45598,578,13
45611,578,13
45623,578,12
45635,578,12
45647,578,12
45661,578,14
45673,578,12
45685,578,12
45698,578,13
45710,578,12
45722,578,12
45735,578,13
45748,578,13
45760,578,12
45772,578,12
45785,578,13
45798,578,13
45810,578,12
45822,578,12
45835,578,13
45847,578,12
45860,578,13
45873,578,13
45885,578,12
45897,578,12
45910,578,13
45922,578,12
45935,578,13
45947,578,12
45960,578,13
45972,578,12
45984,578,12
45998,578,14
46010,578,12
46022,578,12
46034,578,12
46047,578,13
46060,578,13
46072,578,12
46085,578,13
46097,578,12
46109,578,12
46121,578,12
46135,578,14
46147,578,12
46159,578,12
46172,578,13
46184,578,12
46197,578,13
46210,578,13
46222,578,12
46234,578,12
46246,578,12
46260,578,14
46272,578,12
46284,578,12
46297,578,13
46309,578,12
46321,578,12
46334,578,13
46347,578,13
46359,578,12
46371,578,12
46384,578,13
46397,578,13
46409,578,12
46422,578,13
46434,578,12
46446,578,12
46459,578,13
46472,578,13
46484,578,12
46496,578,12
46509,578,13
46521,578,12
46534,578,13
46546,578,12
46559,578,13
46571,578,12
46583,578,12
46597,578,14
46609,578,12
46621,578,12
46633,578,12
46646,578,13
46659,578,13
46671,578,12
46684,578,13
46696,578,12
46708,578,12
46721,578,13
46734,578,13
46746,578,12
46758,578,12
46771,578,13
46783,578,12
46796,578,13
46809,578,13
46821,578,12
46833,578,12
46845,578,12
46859,578,14
46871,578,12
46883,578,12
46896,578,13
46908,578,12
46920,578,12
46934,578,14
46946,578,12
46958,578,12
46970,578,12
46983,578,13
46996,578,13
47008,578,12
47021,578,13
47033,578,12
47045,578,12
47058,578,13
47071,578,13
47083,578,12
47095,578,12
47108,578,13
47120,578,12
47133,578,13
47145,578,12
47158,578,13
47170,578,12
47182,578,12
47196,578,14
47208,578,12
47220,578,12
47233,578,13
47245,578,12
47258,578,13
47270,578,12
47283,578,13
47295,578,12
47307,578,12
47320,578,13
47333,578,13
47345,578,12
47357,578,12
47370,578,13
47382,578,12
47395,578,13
47408,578,13
47420,578,12
47432,578,12
47444,578,12
47458,578,14
47470,578,12
47482,578,12
47495,578,13
47507,578,12
47519,578,12
47533,578,14
47545,578,12
47557,578,12
47569,578,12
47582,578,13
47595,578,13
47607,578,12
47620,578,13
47632,578,12
47644,578,12
47657,578,13
47670,578,13
47682,578,12
47694,578,12
47707,578,13
47719,578,12
47732,578,13
47745,578,13
47757,578,12
47769,578,12
47781,578,12
47795,578,14
47807,578,12
47819,578,12
47832,578,13
47844,578,12
47857,578,13
47869,578,12
47882,578,13
47894,578,12
47906,578,12
47919,578,13
47932,578,13
47944,578,12
47956,578,12
47969,578,13
47981,578,12
47994,578,13
48007,578,13
48019,578,12
48031,578,12
48044,578,13
48057,578,13
48069,578,12
48081,578,12
48094,578,13
48106,578,12
48118,578,12
48132,578,14
48144,578,12
48156,578,12
48168,578,12
48181,578,13
48194,578,13
48206,578,12
48219,578,13
48231,578,12
48243,578,12
48257,578,14
48269,578,12
48281,578,12
48293,578,12
48306,578,13
48318,578,12
48331,578,13
48344,578,13
48356,578,12
48368,578,12
48380,578,12
48394,578,14
48406,578,12
48418,578,12
48431,578,13
48443,578,12
48456,578,13
48468,578,12
48481,578,13
48493,578,12
48505,578,12
48518,578,13
48531,578,13
48543,578,12
48556,578,13
48568,578,12
48580,578,12
48593,578,13
48606,578,13
48618,578,12
48630,578,12
48643,578,13
48656,578,13
48668,578,12
48680,578,12
48693,578,13
48705,578,12
48717,578,12
48731,578,14
48743,578,12
48755,578,12
48768,578,13
48780,578,12
48793,578,13
48805,578,12
48818,578,13
48830,578,12
48842,578,12
48856,578,14
48868,578,12
48880,578,12
48892,578,12
48905,578,13
48917,578,12
48930,578,13
48943,578,13
48955,578,12
48967,578,12
48979,578,12
48993,578,14
49005,578,12
49017,578,12
49030,578,13
49042,578,12
49055,578,13
49068,578,13
49080,578,12
49092,578,12
49104,578,12
49117,578,13
49130,578,13
49142,578,12
49155,578,13
49167,578,12
49179,578,12
49192,578,13
49205,578,13
49217,578,12
49229,578,12
49242,578,13
49255,578,13
49267,578,12
49280,578,13
49292,578,12
49304,578,12
49316,578,12
49330,578,14
49342,578,12
49354,578,12
49367,578,13
49379,578,12
49392,578,13
49404,578,12
49417,578,13
49429,578,12
49441,578,12
49455,578,14
49467,578,12
49479,578,12
49491,578,12
49504,578,13
49516,578,12
49529,578,13
49542,578,13
49554,578,12
49566,578,12
49579,578,13
49592,578,13
49604,578,12
49616,578,12
49629,578,13
49641,578,12
49654,578,13
49667,578,13
49679,578,12
49691,578,12
49703,578,12
49716,578,13
49729,578,13
49741,578,12
49754,578,13
49766,578,12
49778,578,12
49792,578,14
49804,578,12
49816,578,12
49828,578,12
49841,578,13
49854,578,13
49866,578,12
49879,578,13
49891,578,12
49903,578,12
49915,578,12
49929,578,14
49941,578,12
49953,578,12
49966,578,13
49978,578,12
49991,578,13
50003,578,12
50016,578,13
50028,578,12
50040,578,12
50054,578,14
50066,578,12
50078,578,12
50091,578,13
50103,578,12
50115,578,12
50128,578,13
50141,578,13
50153,578,12
50165,578,12
50178,578,13
50191,578,13
50203,578,12
50215,578,12
50228,578,13
50240,578,12
50253,578,13
50266,578,13
50278,578,12
50290,578,12
50302,578,12
50315,578,13
50328,578,13
50340,578,12
50353,578,13
50365,578,12
50377,578,12
50391,578,14
50403,578,12
50415,578,12
50427,578,12
50440,578,13
50453,578,13
50465,578,12
50478,578,13
50490,578,12
50502,578,12
50514,578,12
50528,578,14
50540,578,12
50552,578,12
50565,578,13
50577,578,12
50590,578,13
50603,578,13
50615,578,12
50627,578,12
50639,578,12
50653,578,14
50665,578,12
50677,578,12
50690,578,13
50702,578,12
50714,578,12
50727,578,13
50740,578,13
50752,578,12
50764,578,12
50777,578,13
50790,578,13
50802,578,12
50814,578,12
50827,578,13
50839,578,12
50852,578,13
50865,578,13
50877,578,12
50889,578,12
50902,578,13
50914,578,12
50927,578,13
50939,578,12
50952,578,13
50964,578,12
50976,578,12
50990,578,14
51002,578,12
51014,578,12
51026,578,12
51039,578,13
51052,578,13
51064,578,12
51077,578,13
51089,578,12
51101,578,12
51113,578,12
51127,578,14
51139,578,12
51151,578,12
51164,578,13
51176,578,12
51189,578,13
51202,578,13
51214,578,12
51226,578,12
51238,578,12
51252,578,14
51264,578,12
51276,578,12
51289,578,13
51301,578,12
51313,578,12
51326,578,13
51339,578,13
51351,578,12
51363,578,12
51376,578,13
51389,578,13
51401,578,12
51414,578,13
51426,578,12
51438,578,12
51451,578,13
51464,578,13
51476,578,12
51488,578,12
51501,578,13
51513,578,12
51526,578,13
51538,578,12
51551,578,13
51563,578,12
51575,578,12
51589,578,14
51601,578,12
51613,578,12
51625,578,12
51638,578,13
51651,578,13
51663,578,12
51676,578,13
51688,578,12
51700,578,12
51713,578,13
51726,578,13
51738,578,12
51750,578,12
51763,578,13
51775,578,12
51788,578,13
51801,578,13
51813,578,12
51825,578,12
51837,578,12
51851,578,14
51863,578,12
51875,578,12
51888,578,13
51900,578,12
51912,578,12
51926,578,14
51938,578,12
51950,578,12
51962,578,12
51975,578,13
51988,578,13
52000,578,12
52013,578,13
52025,578,12
52037,578,12
52050,578,13
52063,578,13
52075,578,12
52087,578,12
52100,578,13
52112,578,12
52125,578,13
52137,578,12
52150,578,13
52162,578,12
52174,578,12
52188,578,14
52200,578,12
52212,578,12
52225,578,13
52237,578,12
52250,578,13
52262,578,12
52275,578,13
52287,578,12
52299,578,12
52312,578,13
52325,578,13
52337,578,12
52349,578,12
52362,578,13
52374,578,12
52387,578,13
52400,578,13
52412,578,12
52424,578,12
52436,578,12
52450,578,14
52462,578,12
52474,578,12
52487,578,13
52499,578,12
52511,578,12
52525,578,14
52537,578,12
52549,578,12
52561,578,12
52574,578,13
52587,578,13
52599,578,12
52612,578,13
52624,578,12
52636,578,12
52649,578,13
52662,578,13
52674,578,12
52686,578,12
52699,578,13
52711,578,12
52724,578,13
52737,578,13
52749,578,12
52761,578,12
52773,578,12
52787,578,14
52799,578,12
52811,578,12
52824,578,13
52836,578,12
52849,578,13
52861,578,12
52874,578,13
52886,578,12
52898,578,12
52911,578,13
52924,578,13
52936,578,12
52948,578,12
52961,578,13
52973,578,12
52986,578,13
52999,578,13
53011,578,12
53023,578,12
53036,578,13
53049,578,13
53061,578,12
53073,578,12
53086,578,13
53098,578,12
53110,578,12
53124,578,14
53136,578,12
53148,578,12
53160,578,12
53173,578,13
53186,578,13
53198,578,12
53211,578,13
53223,578,12
53235,578,12
53249,578,14
53261,578,12
53273,578,12
53285,578,12
53298,578,13
53310,578,12
53323,578,13
53336,578,13
53348,578,12
53360,578,12
53372,578,12
53386,578,14
53398,578,12
53410,578,12
53423,578,13
53435,578,12
53448,578,13
53460,578,12
53473,578,13
53485,578,12
53497,578,12
53510,578,13
53523,578,13
53535,578,12
53548,578,13
53560,578,12
53572,578,12
53585,578,13
53598,578,13
53610,578,12
53622,578,12
53635,578,13
53648,578,13
53660,578,12
53672,578,12
53685,578,13
53697,578,12
53709,578,12
53723,578,14
53735,578,12
53747,578,12
53760,578,13
53772,578,12
53785,578,13
53797,578,12
53810,578,13
53822,578,12
53834,578,12
53848,578,14
53860,578,12
53872,578,12
53884,578,12
53897,578,13
53909,578,12
53922,578,13
53935,578,13
53947,578,12
53959,578,12
53971,578,12
53985,578,14
53997,578,12
54009,578,12
54022,578,13
54034,578,12
54047,578,13
54060,578,13
54072,578,12
54084,578,12
54096,578,12
54109,578,13
54122,578,13
54134,578,12
54147,578,13
54159,578,12
54171,578,12
54184,578,13
54197,578,13
54209,578,12
54221,578,12
54234,578,13
54247,578,13
54259,578,12
54272,578,13
54284,578,12
54296,578,12
54308,578,12
54322,578,14
54334,578,12
54346,578,12
54359,578,13
54371,578,12
54384,578,13
54396,578,12
54409,578,13
54421,578,12
54433,578,12
54447,578,14
54459,578,12
54471,578,12
54483,578,12
54496,578,13
54508,578,12
54521,578,13
54534,578,13
54546,578,12
54558,578,12
54571,578,13
54584,578,13
54596,578,12
54608,578,12
54621,578,13
54633,578,12
54646,578,13
54659,578,13
54671,578,12
54683,578,12
54695,578,12
54708,578,13
54721,578,13
54733,578,12
54746,578,13
54758,578,12
54770,578,12
54784,578,14
54796,578,12
54808,578,12
54820,578,12
54833,578,13
54846,578,13
54858,578,12
54871,578,13
54883,578,12
54895,578,12
54907,578,12
54921,578,14
54933,578,12
54945,578,12
54958,578,13
54970,578,12
54983,578,13
54995,578,12
55008,578,13
55020,578,12
55032,578,12
55046,578,14
55058,578,12
55070,578,12
55083,578,13
55095,578,12
55107,578,12
55120,578,13
55133,578,13
55145,578,12
55157,578,12
55170,578,13
55183,578,13
55195,578,12
55207,578,12
55220,578,13
55232,578,12
55245,578,13
55258,578,13
55270,578,12
55282,578,12
55294,578,12
55307,578,13
55320,578,13
55332,578,12
55345,578,13
55357,578,12
55369,578,12
55383,578,14
55395,578,12
55407,578,12
55419,578,12
55432,578,13
55445,578,13
55457,578,12
55470,578,13
55482,578,12
55494,578,12
55506,578,12
55520,578,14
55532,578,12
55544,578,12
55557,578,13
55569,578,12
55582,578,13
55595,578,13
55607,578,12
55619,578,12
55631,578,12
55645,578,14
55657,578,12
55669,578,12
55682,578,13
55694,578,12
55706,578,12
55719,578,13
55732,578,13
55744,578,12
55756,578,12
55769,578,13
55782,578,13
55794,578,12
55806,578,12
55819,578,13
55831,578,12
55844,578,13
55857,578,13
55869,578,12
55881,578,12
55894,578,13
55906,578,12
55919,578,13
55931,578,12
55944,578,13
55956,578,12
55968,578,12
55982,578,14
55994,578,12
56006,578,12
56018,578,12
56031,578,13
56044,578,13
56056,578,12
56069,578,13
56081,578,12
56093,578,12
56105,578,12
56119,578,14
56131,578,12
56143,578,12
56156,578,13
56168,578,12
56181,578,13
56194,578,13
56206,578,12
56218,578,12
56230,578,12
56244,578,14
56256,578,12
56268,578,12
56281,578,13
56293,578,12
56305,578,12
56318,578,13
56331,578,13
56343,578,12
56355,578,12
56368,578,13
56381,578,13
56393,578,12
56406,578,13
56418,578,12
56430,578,12
56443,578,13
56456,578,13
56468,578,12
56480,578,12
56493,578,13
56505,578,12
56518,578,13
56530,578,12
56543,578,13
56555,578,12
56567,578,12
56581,578,14
56593,578,12
56605,578,12
56617,578,12
56630,578,13
56643,578,13
56655,578,12
56668,578,13
56680,578,12
56692,578,12
56705,578,13
56718,578,13
56730,578,12
56742,578,12
56755,578,13
56767,578,12
56780,578,13
56793,578,13
56805,578,12
56817,578,12
56829,578,12
56843,578,14
56855,578,12
56867,578,12
56880,578,13
56892,578,12
56904,578,12
56918,578,14
56930,578,12
56942,578,12
56954,578,12
56967,578,13
56980,578,13
56992,578,12
57005,578,13
57017,578,12
57029,578,12
57042,578,13
57055,578,13
57067,578,12
57079,578,12
57092,578,13
57104,578,12
57117,578,13
57129,578,12
57142,578,13
57154,578,12
57166,578,12
57180,578,14
57192,578,12
57204,578,12
57217,578,13
57229,578,12
57242,578,13
57254,578,12
57267,578,13
57279,578,12
57291,578,12
57304,578,13
57317,578,13
57329,578,12
57341,578,12
57354,578,13
57366,578,12
57379,578,13
57392,578,13
57404,578,12
57416,578,12
57428,578,12
57442,578,14
57454,578,12
57466,578,12
57479,578,13
57491,578,12
57503,578,12
57517,578,14
57529,578,12
57541,578,12
57553,578,12
57566,578,13
57579,578,13
57591,578,12
57604,578,13
57616,578,12
57628,578,12
57641,578,13
57654,578,13
57666,578,12
57678,578,12
57691,578,13
57703,578,12
57716,578,13
57729,578,13
57741,578,12
57753,578,12
57765,578,12
57779,578,14
57791,578,12
57803,578,12
57816,578,13
57828,578,12
57841,578,13
57853,578,12
57866,578,13
57878,578,12
57890,578,12
57903,578,13
57916,578,13
57928,578,12
57940,578,12
57953,578,13
57965,578,12
57978,578,13
57991,578,13
58003,578,12
58015,578,12
58028,578,13
58041,578,13
58053,578,12
58065,578,12
58078,578,13
58090,578,12
58102,578,12
58116,578,14
58128,578,12
58140,578,12
58152,578,12
58165,578,13
58178,578,13
58190,578,12
58203,578,13
58215,578,12
58227,578,12
58241,578,14
58253,578,12
58265,578,12
58277,578,12
58290,578,13
58302,578,12
58315,578,13
58328,578,13
58340,578,12
58352,578,12
58364,578,12
58378,578,14
58390,578,12
58402,578,12
58415,578,13
58427,578,12
58440,578,13
58452,578,12
58465,578,13
58477,578,12
58489,578,12
58502,578,13
58515,578,13
58527,578,12
58540,578,13
58552,578,12
58564,578,12
58577,578,13
58590,578,13
58602,578,12
58614,578,12
58627,578,13
58640,578,13
58652,578,12
58664,578,12
58677,578,13
58689,578,12
58701,578,12
58715,578,14
58727,578,12
58739,578,12
58752,578,13
58764,578,12
58777,578,13
58789,578,12
58802,578,13
58814,578,12
58826,578,12
58840,578,14
58852,578,12
58864,578,12
58876,578,12
58889,578,13
58901,578,12
58914,578,13
58927,578,13
58939,578,12
58951,578,12
58963,578,12
58977,578,14
58989,578,12
59001,578,12
59014,578,13
59026,578,12
59039,578,13
59052,578,13
59064,578,12
59076,578,12
59088,578,12
59101,578,13
59114,578,13
59126,578,12
59139,578,13
59151,578,12
59163,578,12
59176,578,13
59189,578,13
59201,578,12
59213,578,12
59226,578,13
59239,578,13
59251,578,12
59264,578,13
59276,578,12
59288,578,12
59300,578,12
59314,578,14
59326,578,12
59338,578,12
59351,578,13
59363,578,12
59376,578,13
59388,578,12
59401,578,13
59413,578,12
59425,578,12
59439,578,14
59451,578,12
59463,578,12
59475,578,12
59488,578,13
59500,578,12
59513,578,13
59526,578,13
59538,578,12
59550,578,12
59563,578,13
59576,578,13
59588,578,12
59600,578,12
59613,578,13
59625,578,12
59638,578,13
59651,578,13
59663,578,12
59675,578,12
59687,578,12
59700,578,13
59713,578,13
59725,578,12
59738,578,13
59750,578,12
59762,578,12
59776,578,14
59788,578,12
59800,578,12
59812,578,12
59825,578,13
59838,578,13
59850,578,12
59863,578,13
59875,578,12
59887,578,12
59899,578,12
59913,578,14
59925,578,12
59937,578,12
59950,578,13
59962,578,12
59975,578,13
59987,578,12
60000,578,13
60012,578,12
60024,578,12
60038,578,14
60050,578,12
60062,578,12
60075,578,13
60087,578,12
60099,578,12
60112,578,13
60125,578,13
60137,578,12
60149,578,12
60162,578,13
60175,578,13
60187,578,12
60199,578,12
60212,578,13
60224,578,12
60237,578,13
60250,578,13
60262,578,12
60274,578,12
60286,578,12
60299,578,13
60312,578,13
60324,578,12
60337,578,13
60349,578,12
60361,578,12
60375,578,14
60387,578,12
60399,578,12
60411,578,12
60424,578,13
60437,578,13
60449,578,12
60462,578,13
60474,578,12
60486,578,12
60498,578,12
60512,578,14
60524,578,12
60536,578,12
60549,578,13
60561,578,12
60574,578,13
60587,578,13
60599,578,12
60611,578,12
60623,578,12
60637,578,14
60649,578,12
60661,578,12
60674,578,13
60686,578,12
60698,578,12
60711,578,13
60724,578,13
60736,578,12
60748,578,12
60761,578,13
60774,578,13
60786,578,12
60798,578,12
60811,578,13
60823,578,12
60836,578,13
60849,578,13
60861,578,12
60873,578,12
60886,578,13
60898,578,12
60911,578,13
60923,578,12
60936,578,13
60948,578,12
60960,578,12
60974,578,14
60986,578,12
60998,578,12
61010,578,12
61023,578,13
61036,578,13
61048,578,12
61061,578,13
61073,578,12
61085,578,12
61097,578,12
61111,578,14
61123,578,12
61135,578,12
61148,578,13
61160,578,12
61173,578,13
61186,578,13
61198,578,12
61210,578,12
61222,578,12
61236,578,14
61248,578,12
61260,578,12
61273,578,13
61285,578,12
61297,578,12
61310,578,13
61323,578,13
61335,578,12
61347,578,12
61360,578,13
61373,578,13
61385,578,12
61398,578,13
61410,578,12
61422,578,12
61435,578,13
61448,578,13
61460,578,12
61472,578,12
61485,578,13
61497,578,12
61510,578,13
61522,578,12
61535,578,13
61547,578,12
61559,578,12
61573,578,14
61585,578,12
61597,578,12
61609,578,12
61622,578,13
61635,578,13
61647,578,12
61660,578,13
61672,578,12
61684,578,12
61697,578,13
61710,578,13
61722,578,12
61734,578,12
61747,578,13
61759,578,12
61772,578,13
61785,578,13
61797,578,12
61809,578,12
61821,578,12
61835,578,14
61847,578,12
61859,578,12
61872,578,13
61884,578,12
61896,578,12
61910,578,14
61922,578,12
61934,578,12
61946,578,12
61959,578,13
61972,578,13
61984,578,12
61997,578,13
62009,578,12
62021,578,12
62034,578,13
62047,578,13
62059,578,12
62071,578,12
62084,578,13
62096,578,12
62109,578,13
62121,578,12
62134,578,13
62146,578,12
62158,578,12
62172,578,14
62184,578,12
62196,578,12
62209,578,13
62221,578,12
62234,578,13
62246,578,12
62259,578,13
62271,578,12
62283,578,12
62296,578,13
62309,578,13
62321,578,12
62333,578,12
62346,578,13
62358,578,12
62371,578,13
62384,578,13
62396,578,12
62408,578,12
62420,578,12
62434,578,14
62446,578,12
62458,578,12
62471,578,13
62483,578,12
62495,578,12
62509,578,14
62521,578,12
62533,578,12
62545,578,12
62558,578,13
62571,578,13
62583,578,12
62596,578,13
62608,578,12
62620,578,12
62633,578,13
62646,578,13
62658,578,12
62670,578,12
62683,578,13
62695,578,12
62708,578,13
62721,578,13
62733,578,12
62745,578,12
62757,578,12
62771,578,14
62783,578,12
62795,578,12
62808,578,13
62820,578,12
62833,578,13
62845,578,12
62858,578,13
62870,578,12
62882,578,12
62895,578,13
62908,578,13
62920,578,12
62932,578,12
62945,578,13
62957,578,12
62970,578,13
62983,578,13
62995,578,12
63007,578,12
63020,578,13
63033,578,13
63045,578,12
63057,578,12
63070,578,13
63082,578,12
63094,578,12
63108,578,14
63120,578,12
63132,578,12
63144,578,12
63157,578,13
63170,578,13
63182,578,12
63195,578,13
63207,578,12
63219,578,12
63233,578,14
63245,578,12
63257,578,12
63269,578,12
63282,578,13
63294,578,12
63307,578,13
63320,578,13
63332,578,12
63344,578,12
63356,578,12
63370,578,14
63382,578,12
63394,578,12
63407,578,13
63419,578,12
63432,578,13
63444,578,12
63457,578,13
63469,578,12
63481,578,12
63494,578,13
63507,578,13
63519,578,12
63532,578,13
63544,578,12
63556,578,12
63569,578,13
63582,578,13
63594,578,12
63606,578,12
63619,578,13
63632,578,13
63644,578,12
63656,578,12
63669,578,13
63681,578,12
63693,578,12
63707,578,14
63719,578,12
63731,578,12
63744,578,13
63756,578,12
63769,578,13
63781,578,12
63794,578,13
63806,578,12
63818,578,12
63832,578,14
63844,578,12
63856,578,12
63868,578,12
63881,578,13
63893,578,12
63906,578,13
63919,578,13
63931,578,12
63943,578,12
63955,578,12
63969,578,14
63981,578,12
63993,578,12
64006,578,13
64018,578,12
64031,578,13
64044,578,13
64056,578,12
64068,578,12
64080,578,12
64093,578,13
64106,578,13
64118,578,12
64131,578,13
64143,578,12
64155,578,12
64168,578,13
64181,578,13
64193,578,12
64205,578,12
64218,578,13
64231,578,13
64243,578,12
64256,578,13
64268,578,12
64280,578,12
64292,578,12
64306,578,14
64318,578,12
64330,578,12
64343,578,13
64355,578,12
64368,578,13
64380,578,12
64393,578,13
64405,578,12
64417,578,12
64431,578,14
64443,578,12
64455,578,12
64467,578,12
64480,578,13
64492,578,12
64505,578,13
64518,578,13
64530,578,12
64542,578,12
64555,578,13
64568,578,13
64580,578,12
64592,578,12
64605,578,13
64617,578,12
64630,578,13
64643,578,13
64655,578,12
64667,578,12
64679,578,12
64692,578,13
64705,578,13
64717,578,12
64730,578,13
64742,578,12
64754,578,12
64768,578,14
64780,578,12
64792,578,12
64804,578,12
64817,578,13
64830,578,13
64842,578,12
64855,578,13
64867,578,12
64879,578,12
64891,578,12
64905,578,14
64917,578,12
64929,578,12
64942,578,13
64954,578,12
64967,578,13
64979,578,12
64992,578,13
65004,578,12
65016,578,12
65030,578,14
65042,578,12
65054,578,12
65067,578,13
65079,578,12
65091,578,12
65104,578,13
65117,578,13
65129,578,12
65141,578,12
65154,578,13
65167,578,13
65179,578,12
65191,578,12
65204,578,13
65216,578,12
65229,578,13
65242,578,13
65254,578,12
65266,578,12
65278,578,12
65291,578,13
65304,578,13
65316,578,12
65329,578,13
65341,578,12
65353,578,12
65367,578,14
65379,578,12
65391,578,12
65403,578,12
65416,578,13
65429,578,13
65441,578,12
65454,578,13
65466,578,12
65478,578,12
65490,578,12
65504,578,14
65516,578,12
65528,578,12
65541,578,13
65553,578,12
65566,578,13
65579,578,13
65591,578,12
65603,578,12
65615,578,12
65629,578,14
65641,578,12
65653,578,12
65666,578,13
65678,578,12
65690,578,12
65703,578,13
65716,578,13
65728,578,12
65740,578,12
65753,578,13
65766,578,13
65778,578,12
65790,578,12
65803,578,13
65815,578,12
65828,578,13
65841,578,13
65853,578,12
65865,578,12
65878,578,13
65890,578,12
65903,578,13
65915,578,12
65928,578,13
65940,578,12
65952,578,12
65966,578,14
65978,578,12
65990,578,12
66002,578,12
66015,578,13
66028,578,13
66040,578,12
66053,578,13
66065,578,12
66077,578,12
66089,578,12
66103,578,14
66115,578,12
66127,578,12
66140,578,13
66152,578,12
66165,578,13
66178,578,13
66190,578,12
66202,578,12
66214,578,12
66228,578,14
66240,578,12
66252,578,12
66265,578,13
66277,578,12
66289,578,12
66302,578,13
66315,578,13
66327,578,12
66339,578,12
66352,578,13
66365,578,13
66377,578,12
66390,578,13
66402,578,12
66414,578,12
66427,578,13
66440,578,13
66452,578,12
66464,578,12
66477,578,13
66489,578,12
66502,578,13
66514,578,12
66527,578,13
66539,578,12
66551,578,12
66565,578,14
66577,578,12
66589,578,12
66601,578,12
66614,578,13
66627,578,13
66639,578,12
66652,578,13
66664,578,12
66676,578,12
66689,578,13
66702,578,13
66714,578,12
66726,578,12
66739,578,13
66751,578,12
66764,578,13
66777,578,13
66789,578,12
66801,578,12
66813,578,12
66827,578,14
66839,578,12
66851,578,12
66864,578,13
66876,578,12
66888,578,12
66902,578,14
66914,578,12
66926,578,12
66938,578,12
66951,578,13
66964,578,13
66976,578,12
66989,578,13
67001,578,12
67013,578,12
67026,578,13
67039,578,13
67051,578,12
67063,578,12
67076,578,13
67088,578,12
67101,578,13
67113,578,12
67126,578,13
67138,578,12
67150,578,12
67164,578,14
67176,578,12
67188,578,12
67201,578,13
67213,578,12
67226,578,13
67238,578,12
67251,578,13
67263,578,12
67275,578,12
67288,578,13
67301,578,13
67313,578,12
67325,578,12
67338,578,13
67350,578,12
67363,578,13
67376,578,13
67388,578,12
67400,578,12
67412,578,12
67426,578,14
67438,578,12
67450,578,12
67463,578,13
67475,578,12
67487,578,12
67501,578,14
67513,578,12
67525,578,12
67537,578,12
67550,578,13
67563,578,13
67575,578,12
67588,578,13
67600,578,12
67612,578,12
67625,578,13
67638,578,13
67650,578,12
67662,578,12
67675,578,13
67687,578,12
67700,578,13
67713,578,13
67725,578,12
67737,578,12
67749,578,12
67763,578,14
67775,578,12
67787,578,12
67800,578,13
67812,578,12
67825,578,13
67837,578,12
67850,578,13
67862,578,12
67874,578,12
67887,578,13
67900,578,13
67912,578,12
67924,578,12
67937,578,13
67949,578,12
67962,578,13
67975,578,13
67987,578,12
67999,578,12
68012,578,13
68025,578,13
68037,578,12
68049,578,12
68062,578,13
68074,578,12
68086,578,12
68100,578,14
68112,578,12
68124,578,12
68136,578,12
68149,578,13
68162,578,13
68174,578,12
68187,578,13
68199,578,12
68211,578,12
68225,578,14
68237,578,12
68249,578,12
68261,578,12
68274,578,13
68286,578,12
68299,578,13
68312,578,13
68324,578,12
68336,578,12
68348,578,12
68362,578,14
68374,578,12
68386,578,12
68399,578,13
68411,578,12
68424,578,13
68436,578,12
68449,578,13
68461,578,12
68473,578,12
68486,578,13
68499,578,13
68511,578,12
68524,578,13
68536,578,12
68548,578,12
68561,578,13
68574,578,13
68586,578,12
68598,578,12
68611,578,13
68624,578,13
68636,578,12
68648,578,12
68661,578,13
68673,578,12
68685,578,12
68699,578,14
68711,578,12
68723,578,12
68736,578,13
68748,578,12
68761,578,13
68773,578,12
68786,578,13
68798,578,12
68810,578,12
68824,578,14
68836,578,12
68848,578,12
68860,578,12
68873,578,13
68885,578,12
68898,578,13
68911,578,13
68923,578,12
68935,578,12
68947,578,12
68961,578,14
68973,578,12
68985,578,12
68998,578,13
69010,578,12
69023,578,13
69036,578,13
69048,578,12
69060,578,12
69072,578,12
69085,578,13
69098,578,13
69110,578,12
69123,578,13
69135,578,12
69147,578,12
69160,578,13
69173,578,13
69185,578,12
69197,578,12
69210,578,13
69223,578,13
69235,578,12
69248,578,13
69260,578,12
69272,578,12
69284,578,12
69298,578,14
69310,578,12
69322,578,12
69335,578,13
69347,578,12
69360,578,13
69372,578,12
69385,578,13
69397,578,12
69409,578,12
69423,578,14
69435,578,12
69447,578,12
69459,578,12
69472,578,13
69484,578,12
69497,578,13
69510,578,13
69522,578,12
69534,578,12
69547,578,13
69560,578,13
69572,578,12
69584,578,12
69597,578,13
69609,578,12
69622,578,13
69635,578,13
69647,578,12
69659,578,12
69671,578,12
69684,578,13
69697,578,13
69709,578,12
69722,578,13
69734,578,12
69746,578,12
69760,578,14
69772,578,12
69784,578,12
69796,578,12
69809,578,13
69822,578,13
69834,578,12
69847,578,13
69859,578,12
69871,578,12
69883,578,12
69897,578,14
69909,578,12
69921,578,12
69934,578,13
69946,578,12
69959,578,13
69971,578,12
69984,578,13
69996,578,12
70008,578,12
70022,578,14
70034,578,12
70046,578,12
70059,578,13
70071,578,12
70083,578,12
70096,578,13
70109,578,13
70121,578,12
70133,578,12
70146,578,13
70159,578,13
70171,578,12
70183,578,12
70196,578,13
70208,578,12
70221,578,13
70234,578,13
70246,578,12
70258,578,12
70270,578,12
70283,578,13
70296,578,13
70308,578,12
70321,578,13
70333,578,12
70345,578,12
70359,578,14
70371,578,12
70383,578,12
70395,578,12
70408,578,13
70421,578,13
70433,578,12
70446,578,13
70458,578,12
70470,578,12
70482,578,12
70496,578,14
70508,578,12
70520,578,12
70533,578,13
70545,578,12
70558,578,13
70571,578,13
70583,578,12
70595,578,12
70607,578,12
70621,578,14
70633,578,12
70645,578,12
70658,578,13
70670,578,12
70682,578,12
70695,578,13
70708,578,13
70720,578,12
70732,578,12
70745,578,13
70758,578,13
70770,578,12
70782,578,12
70795,578,13
70807,578,12
70820,578,13
70833,578,13
70845,578,12
70857,578,12
70870,578,13
70882,578,12
70895,578,13
70907,578,12
70920,578,13
70932,578,12
70944,578,12
70958,578,14
70970,578,12
70982,578,12
70994,578,12
71007,578,13
71020,578,13
71032,578,12
71045,578,13
71057,578,12
71069,578,12
71081,578,12
71095,578,14
71107,578,12
71119,578,12
71132,578,13
71144,578,12
71157,578,13
71170,578,13
71182,578,12
71194,578,12
71206,578,12
71220,578,14
71232,578,12
71244,578,12
71257,578,13
71269,578,12
71281,578,12
71294,578,13
71307,578,13
71319,578,12
71331,578,12
71344,578,13
71357,578,13
71369,578,12
71382,578,13
71394,578,12
71406,578,12
71419,578,13
71432,578,13
71444,578,12
71456,578,12
71469,578,13
71481,578,12
71494,578,13
71506,578,12
71519,578,13
71531,578,12
71543,578,12
71557,578,14
71569,578,12
71581,578,12
71593,578,12
71606,578,13
71619,578,13
71631,578,12
71644,578,13
71656,578,12
71668,578,12
71681,578,13
71694,578,13
71706,578,12
71718,578,12
71731,578,13
71743,578,12
71756,578,13
71769,578,13
71781,578,12
71793,578,12
71805,578,12
71819,578,14
71831,578,12
71843,578,12
71856,578,13
71868,578,12
71880,578,12
71894,578,14
71906,578,12
71918,578,12
71930,578,12
71943,578,13
71956,578,13
71968,578,12
71981,578,13
71993,578,12
72005,578,12
72018,578,13
72031,578,13
72043,578,12
72055,578,12
72068,578,13
72080,578,12
72093,578,13
72105,578,12
72118,578,13
72130,578,12
72142,578,12
72156,578,14
72168,578,12
72180,578,12
72193,578,13
72205,578,12
72218,578,13
72230,578,12
72243,578,13
72255,578,12
72267,578,12
72280,578,13
72293,578,13
72305,578,12
72317,578,12
72330,578,13
72342,578,12
72355,578,13
72368,578,13
72380,578,12
72392,578,12
72404,578,12
72418,578,14
72430,578,12
72442,578,12
72455,578,13
72467,578,12
72479,578,12
72493,578,14
72505,578,12
72517,578,12
72529,578,12
72542,578,13
72555,578,13
72567,578,12
72580,578,13
72592,578,12
72604,578,12
72617,578,13
72630,578,13
72642,578,12
72654,578,12
72667,578,13
72679,578,12
72692,578,13
72705,578,13
72717,578,12
72729,578,12
72741,578,12
72755,578,14
72767,578,12
72779,578,12
72792,578,13
72804,578,12
72817,578,13
72829,578,12
72842,578,13
72854,578,12
72866,578,12
72879,578,13
72892,578,13
72904,578,12
72916,578,12
72929,578,13
72941,578,12
72954,578,13
72967,578,13
72979,578,12
72991,578,12
73004,578,13
73017,578,13
73029,578,12
73041,578,12
73054,578,13
73066,578,12
73078,578,12
73092,578,14
73104,578,12
73116,578,12
73128,578,12
73141,578,13
73154,578,13
73166,578,12
73179,578,13
73191,578,12
73203,578,12
73217,578,14
73229,578,12
73241,578,12
73253,578,12
73266,578,13
73278,578,12
73291,578,13
73304,578,13
73316,578,12
73328,578,12
73340,578,12
73354,578,14
73366,578,12
73378,578,12
73391,578,13
73403,578,12
73416,578,13
73428,578,12
73441,578,13
73453,578,12
73465,578,12
73478,578,13
73491,578,13
73503,578,12
73516,578,13
73528,578,12
73540,578,12
73553,578,13
73566,578,13
73578,578,12
73590,578,12
73603,578,13
73616,578,13
73628,578,12
73640,578,12
73653,578,13
73665,578,12
73677,578,12
73691,578,14
73703,578,12
73715,578,12
73728,578,13
73740,578,12
73753,578,13
73765,578,12
73778,578,13
73790,578,12
73802,578,12
73816,578,14
73828,578,12
73840,578,12
73852,578,12
73865,578,13
73877,578,12
73890,578,13
73903,578,13
73915,578,12
73927,578,12
73939,578,12
73953,578,14
73965,578,12
73977,578,12
73990,578,13
74002,578,12
74015,578,13
74028,578,13
74040,578,12
74052,578,12
74064,578,12
74077,578,13
74090,578,13
74102,578,12
74115,578,13
74127,578,12
74139,578,12
74152,578,13
74165,578,13
74177,578,12
74189,578,12
74202,578,13
74215,578,13
74227,578,12
74240,578,13
74252,578,12
74264,578,12
74276,578,12
74290,578,14
74302,578,12
74314,578,12
74327,578,13
74339,578,12
74352,578,13
74364,578,12
74377,578,13
74389,578,12
74401,578,12
74415,578,14
74427,578,12
74439,578,12
74451,578,12
74464,578,13
74476,578,12
74489,578,13
74502,578,13
74514,578,12
74526,578,12
74539,578,13
74552,578,13
74564,578,12
74576,578,12
74589,578,13
74601,578,12
74614,578,13
74627,578,13
74639,578,12
74651,578,12
74663,578,12
74676,578,13
74689,578,13
74701,578,12
74714,578,13
74726,578,12
74738,578,12
74752,578,14
74764,578,12
74776,578,12
74788,578,12
74801,578,13
74814,578,13
74826,578,12
74839,578,13
74851,578,12
74863,578,12
74875,578,12
74889,578,14
74901,578,12
74913,578,12
74926,578,13
74938,578,12
74951,578,13
74963,578,12
74976,578,13
74988,578,12
75000,578,12
75014,578,14
75026,578,12
75038,578,12
75051,578,13
75063,578,12
75075,578,12
75088,578,13
75101,578,13
75113,578,12
75125,578,12
75138,578,13
75151,578,13
75163,578,12
75175,578,12
75188,578,13
75200,578,12
75213,578,13
75226,578,13
75238,578,12
75250,578,12
75262,578,12
75275,578,13
75288,578,13
75300,578,12
75313,578,13
75325,578,12
75337,578,12
75351,578,14
75363,578,12
75375,578,12
75387,578,12
75400,578,13
75413,578,13
75425,578,12
75438,578,13
75450,578,12
75462,578,12
75474,578,12
75488,578,14
75500,578,12
75512,578,12
75525,578,13
75537,578,12
75550,578,13
75563,578,13
75575,578,12
75587,578,12
75599,578,12
75613,578,14
75625,578,12
75637,578,12
75650,578,13
75662,578,12
75674,578,12
75687,578,13
75700,578,13
75712,578,12
75724,578,12
75737,578,13
75750,578,13
75762,578,12
75774,578,12
75787,578,13
75799,578,12
75812,578,13
75825,578,13
75837,578,12
75849,578,12
75862,578,13
75874,578,12
75887,578,13
75899,578,12
75912,578,13
75924,578,12
75936,578,12
75950,578,14
75962,632,44916
75974,578,24
75986,578,12
75999,578,13
76012,578,13
76024,578,12
76037,578,13
76049,578,12
76061,578,12
76073,578,12
76087,578,14
76099,578,12
76111,578,12
76124,578,13
76136,578,12
76149,578,13
76162,578,13
76174,578,12
76186,578,12
76198,578,12
76212,578,14
76224,578,12
76236,578,12
76249,578,13
76261,578,12
76273,578,12
76286,578,13
76299,578,13
76311,578,12
76323,578,12
76336,578,13
76349,578,13
76361,578,12
76374,578,13
76386,578,12
76398,578,12
76411,578,13
76424,578,13
76436,578,12
76448,578,12
76461,578,13
76473,578,12
76486,578,13
76498,578,12
76511,578,13
76523,578,12
76535,578,12
76549,578,14
76561,578,12
76573,578,12
76585,578,12
76598,578,13
76611,578,13
76623,578,12
76636,578,13
76648,578,12
76660,578,12
76673,578,13
76686,578,13
76698,578,12
76710,578,12
76723,578,13
76735,578,12
76748,578,13
76761,578,13
76773,578,12
76785,578,12
76797,578,12
76811,578,14
76823,578,12
76835,578,12
76848,578,13
76860,578,12
76872,578,12
76886,578,14
76898,578,12
76910,578,12
76922,578,12
76935,578,13
76948,578,13
76960,630,44915
76973,578,25
76985,578,12
76997,578,12
77010,578,13
77023,578,13
77035,578,12
77047,578,12
77060,578,13
77072,578,12
77085,578,13
77097,578,12
77110,578,13
77122,578,12
77134,578,12
77148,578,14
77160,578,12
77172,578,12
77185,578,13
77197,578,12
77210,578,13
77222,578,12
77235,578,13
77247,578,12
77259,578,12
77272,578,13
77285,578,13
77297,578,12
77309,578,12
77322,578,13
77334,578,12
77347,578,13
77360,578,13
77372,578,12
77384,578,12
77396,578,12
77410,578,14
77422,578,12
77434,578,12
77447,578,13
77459,578,12
77471,578,12
77485,578,14
77497,578,12
77509,578,12
77521,578,12
77534,578,13
77547,578,13
77559,578,12
77572,578,13
77584,578,12
77596,578,12
77609,578,13
77622,578,13
77634,578,12
77646,578,12
77659,578,13
77671,578,12
77684,578,13
77697,578,13
77709,578,12
77721,578,12
77733,578,12
77747,578,14
77759,578,12
77771,578,12
77784,578,13
77796,578,12
77809,578,13
77821,578,12
77834,578,13
77846,578,12
77858,578,12
77871,578,13
77884,578,13
77896,578,12
77908,578,12
77921,578,13
77933,578,12
77946,578,13
77959,631,47911
77971,578,25
77983,578,12
77996,578,13
78009,578,13
78021,578,12
78033,578,12
78046,578,13
78058,578,12
78070,578,12
78084,578,14
78096,578,12
78108,578,12
78120,578,12
78133,578,13
78146,578,13
78158,578,12
78171,578,13
78183,578,12
78195,578,12
78209,578,14
78221,578,12
78233,578,12
78245,578,12
78258,578,13
78270,578,12
78283,578,13
78296,578,13
78308,578,12
78320,578,12
78332,578,12
78346,578,14
78358,578,12
78370,578,12
78383,578,13
78395,578,12
78408,578,13
78420,578,12
78433,578,13
78445,578,12
78457,578,12
78470,578,13
78483,578,13
78495,578,12
78508,578,13
78520,578,12
78532,578,12
78545,578,13
78558,578,13
78570,578,12
78582,578,12
78595,578,13
78608,578,13
78620,578,12
78632,578,12
78645,578,13
78657,578,12
78669,578,12
78683,578,14
78695,578,12
78707,578,12
78720,578,13
78732,578,12
78745,578,13
78757,578,12
78770,578,13
78782,578,12
78794,578,12
78808,578,14
78820,578,12
78832,578,12
78844,578,12
78857,578,13
78869,578,12
78882,578,13
78895,578,13
78907,578,12
78919,578,12
78931,578,12
78945,578,14
78957,632,2995
78969,578,24
78982,578,13
78994,578,12
79007,578,13
79020,578,13
79032,578,12
79044,578,12
79056,578,12
79069,578,13
79082,578,13
79094,578,12
79107,578,13
79119,578,12
79131,578,12
79144,578,13
79157,578,13
79169,578,12
79181,578,12
79194,578,13
79207,578,13
79219,578,12
79232,578,13
79244,578,12
79256,578,12
79268,578,12
79282,578,14
79294,578,12
79306,578,12
79319,578,13
79331,578,12
79344,578,13
79356,578,12
79369,578,13
79381,578,12
79393,578,12
79407,578,14
79419,578,12
79431,578,12
79443,578,12
79456,578,13
79468,578,12
79481,578,13
79494,578,13
79506,578,12
79518,578,12
79531,578,13
79544,578,13
79556,578,12
79568,578,12
79581,578,13
79593,578,12
79606,578,13
79619,578,13
79631,578,12
79643,578,12
79655,578,12
79668,578,13
79681,578,13
79693,578,12
79706,578,13
79718,578,12
79730,578,12
79744,578,14
79756,578,12
79768,578,12
79780,578,12
79793,578,13
79806,578,13
79818,578,12
79831,578,13
79843,578,12
79855,578,12
79867,578,12
79881,578,14
79893,578,12
79905,578,12
79918,578,13
79930,578,12
79943,578,13
79955,630,2995
79968,578,25
79980,578,12
79992,578,12
80006,578,14
80018,578,12
80030,578,12
80043,578,13
80055,578,12
80067,578,12
80080,578,13
80093,578,13
80105,578,12
80117,578,12
80130,578,13
80143,578,13
80155,578,12
80167,578,12
80180,578,13
80192,578,12
80205,578,13
80218,578,13
80230,578,12
80242,578,12
80254,578,12
80267,578,13
80280,578,13
80292,578,12
80305,578,13
80317,578,12
80329,578,12
80343,578,14
80355,578,12
80367,578,12
80379,578,12
80392,578,13
80405,578,13
80417,578,12
80430,578,13
80442,578,12
80454,578,12
80466,578,12
80480,578,14
80492,578,12
80504,578,12
80517,578,13
80529,578,12
80542,578,13
80555,578,13
80567,578,12
80579,578,12
80591,578,12
80605,578,14
80617,578,12
80629,578,12
80642,578,13
80654,578,12
80666,578,12
80679,578,13
80692,578,13
80704,578,12
80716,578,12
80729,578,13
80742,578,13
80754,578,12
80766,578,12
80779,578,13
80791,578,12
80804,578,13
80817,578,13
80829,578,12
80841,578,12
80854,578,13
80866,578,12
80879,578,13
80891,578,12
80904,578,13
80916,578,12
80928,578,12
80942,578,14
80954,578,12
80966,578,12
80978,578,12
80991,578,13
81004,578,13
81016,578,12
81029,578,13
81041,578,12
81053,578,12
81065,578,12
81079,578,14
81091,578,12
81103,578,12
81116,578,13
81128,578,12
81141,578,13
81154,578,13
81166,578,12
81178,578,12
81190,578,12
81204,578,14
81216,578,12
81228,578,12
81241,578,13
81253,578,12
81265,578,12
81278,578,13
81291,578,13
81303,578,12
81315,578,12
81328,578,13
81341,578,13
81353,578,12
81366,578,13
81378,578,12
81390,578,12
81403,578,13
81416,578,13
81428,578,12
81440,578,12
81453,578,13
81465,578,12
81478,578,13
81490,578,12
81503,578,13
81515,578,12
81527,578,12
81541,578,14
81553,578,12
81565,578,12
81577,578,12
81590,578,13
81603,578,13
81615,578,12
81628,578,13
81640,578,12
81652,578,12
81665,578,13
81678,578,13
81690,578,12
81702,578,12
81715,578,13
81727,578,12
81740,578,13
81753,578,13
81765,578,12
81777,578,12
81789,578,12
81803,578,14
81815,578,12
81827,578,12
81840,578,13
81852,578,12
81864,578,12
81878,578,14
81890,578,12
81902,578,12
81914,578,12
81927,578,13
81940,578,13
81952,578,12
81965,578,13
81977,578,12
81989,578,12
82002,578,13
82015,578,13
82027,578,12
82039,578,12
82052,578,13
82064,578,12
82077,578,13
82089,578,12
82102,578,13
82114,578,12
82126,578,12
82140,578,14
82152,578,12
82164,578,12
82177,578,13
82189,578,12
82202,578,13
82214,578,12
82227,578,13
82239,578,12
82251,578,12
82264,578,13
82277,578,13
82289,578,12
82301,578,12
82314,578,13
82326,578,12
82339,578,13
82352,578,13
82364,578,12
82376,578,12
82388,578,12
82402,578,14
82414,578,12
82426,578,12
82439,578,13
82451,578,12
82463,578,12
82477,578,14
82489,578,12
82501,578,12
82513,578,12
82526,578,13
82539,578,13
82551,578,12
82564,578,13
82576,578,12
82588,578,12
82601,578,13
82614,578,13
82626,578,12
82638,578,12
82651,578,13
82663,578,12
82676,578,13
82689,578,13
82701,578,12
82713,578,12
82725,578,12
82739,578,14
82751,578,12
82763,578,12
82776,578,13
82788,578,12
82801,578,13
82813,578,12
82826,578,13
82838,578,12
82850,578,12
82863,578,13
82876,578,13
82888,578,12
82900,578,12
82913,578,13
82925,578,12
82938,578,13
82951,578,13
82963,578,12
82975,578,12
82988,578,13
83001,578,13
83013,578,12
83025,578,12
83038,578,13
83050,578,12
83062,578,12
83076,578,14
83088,578,12
83100,578,12
83112,578,12
83125,578,13
83138,578,13
83150,578,12
83163,578,13
83175,578,12
83187,578,12
83201,578,14
83213,578,12
83225,578,12
83237,578,12
83250,578,13
83262,578,12
83275,578,13
83288,578,13
83300,578,12
83312,578,12
83324,578,12
83338,578,14
83350,578,12
83362,578,12
83375,578,13
83387,578,12
83400,578,13
83412,578,12
83425,578,13
83437,578,12
83449,578,12
83462,578,13
83475,578,13
83487,578,12
83500,578,13
83512,578,12
83524,578,12
83537,578,13
83550,578,13
83562,578,12
83574,578,12
83587,578,13
83600,578,13
83612,578,12
83624,578,12
83637,578,13
83649,578,12
83661,578,12
83675,578,14
83687,578,12
83699,578,12
83712,578,13
83724,578,12
83737,578,13
83749,578,12
83762,578,13
83774,578,12
83786,578,12
83800,578,14
83812,578,12
83824,578,12
83836,578,12
83849,578,13
83861,578,12
83874,578,13
83887,578,13
83899,578,12
83911,578,12
83923,578,12
83937,578,14
83949,578,12
83961,578,12
83974,578,13
83986,578,12
83999,578,13
84012,578,13
84024,578,12
84036,578,12
84048,578,12
84061,578,13
84074,578,13
84086,578,12
84099,578,13
84111,578,12
84123,578,12
84136,578,13
84149,578,13
84161,578,12
84173,578,12
84186,578,13
84199,578,13
84211,578,12
84224,578,13
84236,578,12
84248,578,12
84260,578,12
84274,578,14
84286,578,12
84298,578,12
84311,578,13
84323,578,12
84336,578,13
84348,578,12
84361,578,13
84373,578,12
84385,578,12
84399,578,14
84411,578,12
84423,578,12
84435,578,12
84448,578,13
84460,578,12
84473,578,13
84486,578,13
84498,578,12
84510,578,12
84523,578,13
84536,578,13
84548,578,12
84560,578,12
84573,578,13
84585,578,12
84598,578,13
84611,578,13
84623,578,12
84635,578,12
84647,578,12
84660,578,13
84673,578,13
84685,578,12
84698,578,13
84710,578,12
84722,578,12
84736,578,14
84748,578,12
84760,578,12
84772,578,12
84785,578,13
84798,578,13
84810,578,12
84823,578,13
84835,578,12
84847,578,12
84859,578,12
84873,578,14
84885,578,12
84897,578,12
84910,578,13
84922,578,12
84935,578,13
84947,578,12
84960,578,13
84972,578,12
84984,578,12
84998,578,14
85010,578,12
85022,578,12
85035,578,13
85047,578,12
85059,578,12
85072,578,13
85085,578,13
85097,578,12
85109,578,12
85122,578,13
85135,578,13
85147,578,12
85159,578,12
85172,578,13
85184,578,12
85197,578,13
85210,578,13
85222,578,12
85234,578,12
85246,578,12
85259,578,13
85272,578,13
85284,578,12
85297,578,13
85309,578,12
85321,578,12
85335,578,14
85347,578,12
85359,578,12
85371,578,12
85384,578,13
85397,578,13
85409,578,12
85422,578,13
85434,578,12
85446,578,12
85458,578,12
85472,578,14
85484,578,12
85496,578,12
85509,578,13
85521,578,12
85534,578,13
85547,578,13
85559,578,12
85571,578,12
85583,578,12
85597,578,14
85609,578,12
85621,578,12
85634,578,13
85646,578,12
85658,578,12
85671,578,13
85684,578,13
85696,578,12
85708,578,12
85721,578,13
85734,578,13
85746,578,12
85758,578,12
85771,578,13
85783,578,12
85796,578,13
85809,578,13
85821,578,12
85833,578,12
85846,578,13
85858,578,12
85871,578,13
85883,578,12
85896,578,13
85908,578,12
85920,578,12
85934,578,14
85946,578,12
85958,578,12
85970,578,12
85983,578,13
85996,578,13
86008,578,12
86021,578,13
86033,578,12
86045,578,12
86057,578,12
86071,578,14
86083,578,12
86095,578,12
86108,578,13
86120,578,12
86133,578,13
86146,578,13
86158,578,12
86170,578,12
86182,578,12
86196,578,14
86208,578,12
86220,578,12
86233,578,13
86245,578,12
86257,578,12
86270,578,13
86283,578,13
86295,578,12
86307,578,12
86320,578,13
86333,578,13
86345,578,12
86358,578,13
86370,578,12
86382,578,12
86395,578,13
86408,578,13
86420,578,12
86432,578,12
86445,578,13
86457,578,12
86470,578,13
86482,578,12
86495,578,13
86507,578,12
86519,578,12
86533,578,14
86545,578,12
86557,578,12
86569,578,12
86582,578,13
86595,578,13
86607,578,12
86620,578,13
86632,578,12
86644,578,12
86657,578,13
86670,578,13
86682,578,12
86694,578,12
86707,578,13
86719,578,12
86732,578,13
86745,578,13
86757,578,12
86769,578,12
86781,578,12
86795,578,14
86807,578,12
86819,578,12
86832,578,13
86844,578,12
86856,578,12
86870,578,14
86882,578,12
86894,578,12
86906,578,12
86919,578,13
86932,578,13
86944,578,12
86957,578,13
86969,578,12
86981,578,12
86994,578,13
87007,578,13
87019,578,12
87031,578,12
87044,578,13
87056,578,12
87069,578,13
87081,578,12
87094,578,13
87106,578,12
87118,578,12
87132,578,14
87144,578,12
87156,578,12
87169,578,13
87181,578,12
87194,578,13
87206,578,12
87219,578,13
87231,578,12
87243,578,12
87256,578,13
87269,578,13
87281,578,12
87293,578,12
87306,578,13
87318,578,12
87331,578,13
87344,578,13
87356,578,12
87368,578,12
87380,578,12
87394,578,14
87406,578,12
87418,578,12
87431,578,13
87443,578,12
87455,578,12
87469,578,14
87481,578,12
87493,578,12
87505,578,12
87518,578,13
87531,578,13
87543,578,12
87556,578,13
87568,578,12
87580,578,12
87593,578,13
87606,578,13
87618,578,12
87630,578,12
87643,578,13
87655,578,12
87668,578,13
87681,578,13
87693,578,12
87705,578,12
87717,578,12
87731,578,14
87743,578,12
87755,578,12
87768,578,13
87780,578,12
87793,578,13
87805,578,12
87818,578,13
87830,578,12
87842,578,12
87855,578,13
87868,578,13
87880,578,12
87892,578,12
87905,578,13
87917,578,12
87930,578,13
87943,578,13
87955,578,12
87967,578,12
87980,578,13
87993,578,13
88005,578,12
88017,578,12
88030,578,13
88042,578,12
88054,578,12
88068,578,14
88080,578,12
88092,578,12
88104,578,12
88117,578,13
88130,578,13
88142,578,12
88155,578,13
88167,578,12
88179,578,12
88193,578,14
88205,578,12
88217,578,12
88229,578,12
88242,578,13
88254,578,12
88267,578,13
88280,578,13
88292,578,12
88304,578,12
88316,578,12
88330,578,14
88342,578,12
88354,578,12
88367,578,13
88379,578,12
88392,578,13
88404,578,12
88417,578,13
88429,578,12
88441,578,12
88454,578,13
88467,578,13
88479,578,12
88492,578,13
88504,578,12
88516,578,12
88529,578,13
88542,578,13
88554,578,12
88566,578,12
88579,578,13
88592,578,13
88604,578,12
88616,578,12
88629,578,13
88641,578,12
88653,578,12
88667,578,14
88679,578,12
88691,578,12
88704,578,13
88716,578,12
88729,578,13
88741,578,12
88754,578,13
88766,578,12
88778,578,12
88792,578,14
88804,578,12
88816,578,12
88828,578,12
88841,578,13
88853,578,12
88866,578,13
88879,578,13
88891,578,12
88903,578,12
88915,578,12
88929,578,14
88941,578,12
88953,578,12
88966,578,13
88978,578,12
88991,578,13
89004,578,13
89016,578,12
89028,578,12
89040,578,12
89053,578,13
89066,578,13
89078,578,12
89091,578,13
89103,578,12
89115,578,12
89128,578,13
89141,578,13
89153,578,12
89165,578,12
89178,578,13
89191,578,13
89203,578,12
89216,578,13
89228,578,12
89240,578,12
89252,578,12
89266,578,14
89278,578,12
89290,578,12
89303,578,13
89315,578,12
89328,578,13
89340,578,12
89353,578,13
89365,578,12
89377,578,12
89391,578,14
89403,578,12
89415,578,12
89427,578,12
89440,578,13
89452,578,12
89465,578,13
89478,578,13
89490,578,12
89502,578,12
89515,578,13
89528,578,13
89540,578,12
89552,578,12
89565,578,13
89577,578,12
89590,578,13
89603,578,13
89615,578,12
89627,578,12
89639,578,12
89652,578,13
89665,578,13
89677,578,12
89690,578,13
89702,578,12
89714,578,12
89728,578,14
89740,578,12
89752,578,12
89764,578,12
89777,578,13
89790,578,13
89802,578,12
89815,578,13
89827,578,12
89839,578,12
89851,578,12
89865,578,14
89877,578,12
89889,578,12
89902,578,13
89914,578,12
89927,578,13
89939,578,12
89952,578,13
89964,578,12
89976,578,12
89990,578,14
90002,578,12
90014,578,12
90027,578,13
90039,578,12
90051,578,12
90064,578,13
90077,578,13
90089,578,12
90101,578,12
90114,578,13
90127,578,13
90139,578,12
90151,578,12
90164,578,13
90176,578,12
90189,578,13
90202,578,13
90214,578,12
90226,578,12
90238,578,12
90251,578,13
90264,578,13
90276,578,12
90289,578,13
90301,578,12
90313,578,12
90327,578,14
90339,578,12
90351,578,12
90363,578,12
90376,578,13
90389,578,13
90401,578,12
90414,578,13
90426,578,12
90438,578,12
90450,578,12
90464,578,14
90476,578,12
90488,578,12
90501,578,13
90513,578,12
90526,578,13
90539,578,13
90551,578,12
90563,578,12
90575,578,12
90589,578,14
90601,578,12
90613,578,12
90626,578,13
90638,578,12
90650,578,12
90663,578,13
90676,578,13
90688,578,12
90700,578,12
90713,578,13
90726,578,13
90738,578,12
90750,578,12
90763,578,13
90775,578,12
90788,578,13
90801,578,13
90813,578,12
90825,578,12
90838,578,13
90850,578,12
90863,578,13
90875,578,12
90888,578,13
90900,578,12
90912,578,12
90926,578,14
90938,578,12
90950,578,12
90962,578,12
90975,578,13
90988,578,13
91000,578,12
91013,578,13
91025,578,12
91037,578,12
91049,578,12
91063,578,14
91075,578,12
91087,578,12
91100,578,13
91112,578,12
91125,578,13
91138,578,13
91150,578,12
91162,578,12
91174,578,12
91188,578,14
91200,578,12
91212,578,12
91225,578,13
91237,578,12
91249,578,12
91262,578,13
91275,578,13
91287,578,12
91299,578,12
91312,578,13
91325,578,13
91337,578,12
91350,578,13
91362,578,12
91374,578,12
91387,578,13
91400,578,13
91412,578,12
91424,578,12
91437,578,13
91449,578,12
91462,578,13
91474,578,12
91487,578,13
91499,578,12
91511,578,12
91525,578,14
91537,578,12
91549,578,12
91561,578,12
91574,578,13
91587,578,13
91599,578,12
91612,578,13
91624,578,12
91636,578,12
91649,578,13
91662,578,13
91674,578,12
91686,578,12
91699,578,13
91711,578,12
91724,578,13
91737,578,13
91749,578,12
91761,578,12
91773,578,12
91787,578,14
91799,578,12
91811,578,12
91824,578,13
91836,578,12
91848,578,12
91862,578,14
91874,578,12
91886,578,12
91898,578,12
91911,578,13
91924,578,13
91936,578,12
91949,578,13
91961,578,12
91973,578,12
91986,578,13
91999,578,13
92011,578,12
92023,578,12
92036,578,13
92048,578,12
92061,578,13
92073,578,12
92086,578,13
92098,578,12
92110,578,12
92124,578,14
92136,578,12
92148,578,12
92161,578,13
92173,578,12
92186,578,13
92198,578,12
92211,578,13
92223,578,12
92235,578,12
92248,578,13
92261,578,13
92273,578,12
92285,578,12
92298,578,13
92310,578,12
92323,578,13
92336,578,13
92348,578,12
92360,578,12
92372,578,12
92386,578,14
92398,578,12
92410,578,12
92423,578,13
92435,578,12
92447,578,12
92461,578,14
92473,578,12
92485,578,12
92497,578,12
92510,578,13
92523,578,13
92535,578,12
92548,578,13
92560,578,12
92572,578,12
92585,578,13
92598,578,13
92610,578,12
92622,578,12
92635,578,13
92647,578,12
92660,578,13
92673,578,13
92685,578,12
92697,578,12
92709,578,12
92723,578,14
92735,578,12
92747,578,12
92760,578,13
92772,578,12
92785,578,13
92797,578,12
92810,578,13
92822,578,12
92834,578,12
92847,578,13
92860,578,13
92872,578,12
92884,578,12
92897,578,13
92909,578,12
92922,578,13
92935,578,13
92947,578,12
92959,578,12
92972,578,13
92985,578,13
92997,578,12
93009,578,12
93022,578,13
93034,578,12
93046,578,12
93060,578,14
93072,578,12
93084,578,12
93096,578,12
93109,578,13
93122,578,13
93134,578,12
93147,578,13
93159,578,12
93171,578,12
93185,578,14
93197,578,12
93209,578,12
93221,578,12
93234,578,13
93246,578,12
93259,578,13
93272,578,13
93284,578,12
93296,578,12
93308,578,12
93322,578,14
93334,578,12
93346,578,12
93359,578,13
93371,578,12
93384,578,13
93396,578,12
93409,578,13
93421,578,12
93433,578,12
93446,578,13
93459,578,13
93471,578,12
93484,578,13
93496,578,12
93508,578,12
93521,578,13
93534,578,13
93546,578,12
93558,578,12
93571,578,13
93584,578,13
93596,578,12
93608,578,12
93621,578,13
93633,578,12
93645,578,12
93659,578,14
93671,578,12
93683,578,12
93696,578,13
93708,578,12
93721,578,13
93733,578,12
93746,578,13
93758,578,12
93770,578,12
93784,578,14
93796,578,12
93808,578,12
93820,578,12
93833,578,13
93845,578,12
93858,578,13
93871,578,13
93883,578,12
93895,578,12
93907,578,12
93921,578,14
93933,578,12
93945,578,12
93958,578,13
93970,578,12
93983,578,13
93996,578,13
94008,578,12
94020,578,12
94032,578,12
94045,578,13
94058,578,13
94070,578,12
94083,578,13
94095,578,12
94107,578,12
94120,578,13
94133,578,13
94145,578,12
94157,578,12
94170,578,13
94183,578,13
94195,578,12
94208,578,13
94220,578,12
94232,578,12
94244,578,12
94258,578,14
94270,578,12
94282,578,12
94295,578,13
94307,578,12
94320,578,13
94332,578,12
94345,578,13
94357,578,12
94369,578,12
94383,578,14
94395,578,12
94407,578,12
94419,578,12
94432,578,13
94444,578,12
94457,578,13
94470,578,13
94482,578,12
94494,578,12
94507,578,13
94520,578,13
94532,578,12
94544,578,12
94557,578,13
94569,578,12
94582,578,13
94595,578,13
94607,578,12
94619,578,12
94631,578,12
94644,578,13
94657,578,13
94669,578,12
94682,578,13
94694,578,12
94706,578,12
94720,578,14
94732,578,12
94744,578,12
94756,578,12
94769,578,13
94782,578,13
94794,578,12
94807,578,13
94819,578,12
94831,578,12
94843,578,12
94857,578,14
94869,578,12
94881,578,12
94894,578,13
94906,578,12
94919,578,13
94931,578,12
94944,578,13
94956,578,12
94968,578,12
94982,578,14
94994,578,12
95006,578,12
95019,578,13
95031,578,12
95043,578,12
95056,578,13
95069,578,13
95081,578,12
95093,578,12
95106,578,13
95119,578,13
95131,578,12
95143,578,12
95156,578,13
95168,578,12
95181,578,13
95194,578,13
95206,578,12
95218,578,12
95230,578,12
95243,578,13
95256,578,13
95268,578,12
95281,578,13
95293,578,12
95305,578,12
95319,578,14
95331,578,12
95343,578,12
95355,578,12
95368,578,13
95381,578,13
95393,578,12
95406,578,13
95418,578,12
95430,578,12
95442,578,12
95456,578,14
95468,578,12
95480,578,12
95493,578,13
95505,578,12
95518,578,13
95531,578,13
95543,578,12
95555,578,12
95567,578,12
95581,578,14
95593,578,12
95605,578,12
95618,578,13
95630,578,12
95642,578,12
95655,578,13
95668,578,13
95680,578,12
95692,578,12
95705,578,13
95718,578,13
95730,578,12
95742,578,12
95755,578,13
95767,578,12
95780,578,13
95793,578,13
95805,578,12
95817,578,12
95830,578,13
95842,578,12
95855,578,13
95867,578,12
95880,578,13
95892,578,12
95904,578,12
95918,578,14
95930,578,12
95942,578,12
95954,578,12
95967,578,13
95980,578,13
95992,578,12
96005,578,13
96017,578,12
96029,578,12
96041,578,12
96055,578,14
96067,578,12
96079,578,12
96092,578,13
96104,578,12
96117,578,13
96130,578,13
96142,578,12
96154,578,12
96166,578,12
96180,578,14
96192,578,12
96204,578,12
96217,578,13
96229,578,12
96241,578,12
96254,578,13
96267,578,13
96279,578,12
96291,578,12
96304,578,13
96317,578,13
96329,578,12
96342,578,13
96354,578,12
96366,578,12
96379,578,13
96392,578,13
96404,578,12
96416,578,12
96429,578,13
96441,578,12
96454,578,13
96466,578,12
96479,578,13
96491,578,12
96503,578,12
96517,578,14
96529,578,12
96541,578,12
96553,578,12
96566,578,13
96579,578,13
96591,578,12
96604,578,13
96616,578,12
96628,578,12
96641,578,13
96654,578,13
96666,578,12
96678,578,12
96691,578,13
96703,578,12
96716,578,13
96729,578,13
96741,578,12
96753,578,12
96765,578,12
96779,578,14
96791,578,12
96803,578,12
96816,578,13
96828,578,12
96840,578,12
96854,578,14
96866,578,12
96878,578,12
96890,578,12
96903,578,13
96916,578,13
96928,578,12
96941,578,13
96953,578,12
96965,578,12
96978,578,13
96991,578,13
97003,578,12
97015,578,12
97028,578,13
97040,578,12
97053,578,13
97065,578,12
97078,578,13
97090,578,12
97102,578,12
97116,578,14
97128,578,12
97140,578,12
97153,578,13
97165,578,12
97178,578,13
97190,578,12
97203,578,13
97215,578,12
97227,578,12
97240,578,13
97253,578,13
97265,578,12
97277,578,12
97290,578,13
97302,578,12
97315,578,13
97328,578,13
97340,578,12
97352,578,12
97364,578,12
97378,578,14
97390,578,12
97402,578,12
97415,578,13
97427,578,12
97439,578,12
97453,578,14
97465,578,12
97477,578,12
97489,578,12
97502,578,13
97515,578,13
97527,578,12
97540,578,13
97552,578,12
97564,578,12
97577,578,13
97590,578,13
97602,578,12
97614,578,12
97627,578,13
97639,578,12
97652,578,13
97665,578,13
97677,578,12
97689,578,12
97701,578,12
97715,578,14
97727,578,12
97739,578,12
97752,578,13
97764,578,12
97777,578,13
97789,578,12
97802,578,13
97814,578,12
97826,578,12
97839,578,13
97852,578,13
97864,578,12
97876,578,12
97889,578,13
97901,578,12
97914,578,13
97927,578,13
97939,578,12
97951,578,12
97964,578,13
97977,578,13
97989,578,12
98001,578,12
98014,578,13
98026,578,12
98038,578,12
98052,578,14
98064,578,12
98076,578,12
98088,578,12
98101,578,13
98114,578,13
98126,578,12
98139,578,13
98151,578,12
98163,578,12
